abilities,classfication,height_m,name,type1,type2,weight_kg,generation,is_legendary,,,,,,,
"['Overgrow', 'Chlorophyll']",Seed Pokémon,0.7,Bulbasaur,grass,poison,6.9,1,0,,,,,,,
"['Overgrow', 'Chlorophyll']",Seed Pokémon,1,Ivysaur,grass,poison,13,1,0,,,,,,,
"['Overgrow', 'Chlorophyll']",Seed Pokémon,2,Venusaur,grass,poison,100,1,0,,,,,,,
"['Blaze', 'Solar Power']",Lizard Pokémon,0.6,Charmander,fire,,8.5,1,0,,,,,,,
"['Blaze', 'Solar Power']",Flame Pokémon,1.1,Charmeleon,fire,,19,1,0,,,,,,,
"['Blaze', 'Solar Power']",Flame Pokémon,1.7,Charizard,fire,flying,90.5,1,0,,,,,,,
"['Torrent', 'Rain Dish']",Tiny Turtle Pokémon,0.5,Squirtle,water,,9,1,0,,,,,,,
"['Torrent', 'Rain Dish']",Turtle Pokémon,1,Wartortle,water,,22.5,1,0,,,,,,,
"['Torrent', 'Rain Dish']",Shellfish Pokémon,1.6,Blastoise,water,,85.5,1,0,,,,,,,
"['Shield Dust', 'Run Away']",Worm Pokémon,0.3,Caterpie,bug,,2.9,1,0,,,,,,,
['Shed Skin'],Cocoon Pokémon,0.7,Metapod,bug,,9.9,1,0,,,,,,,
"['Compoundeyes', 'Tinted Lens']",Butterfly Pokémon,1.1,Butterfree,bug,flying,32,1,0,,,,,,,
"['Shield Dust', 'Run Away']",Hairy Pokémon,0.3,Weedle,bug,poison,3.2,1,0,,,,,,,
['Shed Skin'],Cocoon Pokémon,0.6,Kakuna,bug,poison,10,1,0,,,,,,,
"['Swarm', 'Sniper']",Poison Bee Pokémon,1,Beedrill,bug,poison,29.5,1,0,,,,,,,
"['Keen Eye', 'Tangled Feet', 'Big Pecks']",Tiny Bird Pokémon,0.3,Pidgey,normal,flying,1.8,1,0,,,,,,,
"['Keen Eye', 'Tangled Feet', 'Big Pecks']",Bird Pokémon,1.1,Pidgeotto,normal,flying,30,1,0,,,,,,,
"['Keen Eye', 'Tangled Feet', 'Big Pecks']",Bird Pokémon,1.5,Pidgeot,normal,flying,39.5,1,0,,,,,,,
"['Run Away', 'Guts', 'Hustle', 'Gluttony', 'Hustle', 'Thick Fat']",Mouse Pokémon,,Rattata,normal,dark,,1,0,,,,,,,
"['Run Away', 'Guts', 'Hustle', 'Gluttony', 'Hustle', 'Thick Fat']",Mouse Pokémon,,Raticate,normal,dark,,1,0,,,,,,,
"['Keen Eye', 'Sniper']",Tiny Bird Pokémon,0.3,Spearow,normal,flying,2,1,0,,,,,,,
"['Keen Eye', 'Sniper']",Beak Pokémon,1.2,Fearow,normal,flying,38,1,0,,,,,,,
"['Intimidate', 'Shed Skin', 'Unnerve']",Snake Pokémon,2,Ekans,poison,,6.9,1,0,,,,,,,
"['Intimidate', 'Shed Skin', 'Unnerve']",Cobra Pokémon,3.5,Arbok,poison,,65,1,0,,,,,,,
"['Static', 'Lightningrod']",Mouse Pokémon,0.4,Pikachu,electric,,6,1,0,,,,,,,
"['Static', 'Lightningrod', 'Surge Surfer']",Mouse Pokémon,,Raichu,electric,electric,,1,0,,,,,,,
"['Sand Veil', 'Sand Rush', 'Snow Cloak', 'Slush Rush']",Mouse Pokémon,,Sandshrew,ground,ice,,1,0,,,,,,,
"['Sand Veil', 'Sand Rush', 'Snow Cloak', 'Slush Rush']",Mouse Pokémon,,Sandslash,ground,ice,,1,0,,,,,,,
"['Poison Point', 'Rivalry', 'Hustle']",Poison Pin Pokémon,0.4,Nidoran♀,poison,,7,1,0,,,,,,,
"['Poison Point', 'Rivalry', 'Hustle']",Poison Pin Pokémon,0.8,Nidorina,poison,,20,1,0,,,,,,,
"['Poison Point', 'Rivalry', 'Sheer Force']",Drill Pokémon,1.3,Nidoqueen,poison,ground,60,1,0,,,,,,,
"['Poison Point', 'Rivalry', 'Hustle']",Poison Pin Pokémon,0.5,Nidoran♂,poison,,9,1,0,,,,,,,
"['Poison Point', 'Rivalry', 'Hustle']",Poison Pin Pokémon,0.9,Nidorino,poison,,19.5,1,0,,,,,,,
"['Poison Point', 'Rivalry', 'Sheer Force']",Drill Pokémon,1.4,Nidoking,poison,ground,62,1,0,,,,,,,
"['Cute Charm', 'Magic Guard', 'Friend Guard']",Fairy Pokémon,0.6,Clefairy,fairy,,7.5,1,0,,,,,,,
"['Cute Charm', 'Magic Guard', 'Unaware']",Fairy Pokémon,1.3,Clefable,fairy,,40,1,0,,,,,,,
"['Flash Fire', 'Drought', 'Snow Cloak', 'Snow Warning']",Fox Pokémon,,Vulpix,fire,ice,,1,0,,,,,,,
"['Flash Fire', 'Drought', 'Snow Cloak', 'Snow Warning']",Fox Pokémon,,Ninetales,fire,ice,,1,0,,,,,,,
"['Cute Charm', 'Competitive', 'Friend Guard']",Balloon Pokémon,0.5,Jigglypuff,normal,fairy,5.5,1,0,,,,,,,
"['Cute Charm', 'Competitive', 'Frisk']",Balloon Pokémon,1,Wigglytuff,normal,fairy,12,1,0,,,,,,,
"['Inner Focus', 'Infiltrator']",Bat Pokémon,0.8,Zubat,poison,flying,7.5,1,0,,,,,,,
"['Inner Focus', 'Infiltrator']",Bat Pokémon,1.6,Golbat,poison,flying,55,1,0,,,,,,,
"['Chlorophyll', 'Run Away']",Weed Pokémon,0.5,Oddish,grass,poison,5.4,1,0,,,,,,,
"['Chlorophyll', 'Stench']",Weed Pokémon,0.8,Gloom,grass,poison,8.6,1,0,,,,,,,
"['Chlorophyll', 'Effect Spore']",Flower Pokémon,1.2,Vileplume,grass,poison,18.6,1,0,,,,,,,
"['Effect Spore', 'Dry Skin', 'Damp']",Mushroom Pokémon,0.3,Paras,bug,grass,5.4,1,0,,,,,,,
"['Effect Spore', 'Dry Skin', 'Damp']",Mushroom Pokémon,1,Parasect,bug,grass,29.5,1,0,,,,,,,
"['Compoundeyes', 'Tinted Lens', 'Run Away']",Insect Pokémon,1,Venonat,bug,poison,30,1,0,,,,,,,
"['Shield Dust', 'Tinted Lens', 'Wonder Skin ']",Poison Moth Pokémon,1.5,Venomoth,bug,poison,12.5,1,0,,,,,,,
"['Sand Veil', 'Arena Trap', 'Sand Force', 'Sand Veil', 'Tangling Hair', 'Sand Force']",Mole Pokémon,,Diglett,ground,ground,,1,0,,,,,,,
"['Sand Veil', 'Arena Trap', 'Sand Force', 'Sand Veil', 'Tangling Hair', 'Sand Force']",Mole Pokémon,,Dugtrio,ground,ground,,1,0,,,,,,,
"['Pickup', 'Technician', 'Unnerve', 'Pickup', 'Technician', 'Rattled']",Scratch Cat Pokémon,,Meowth,normal,dark,,1,0,,,,,,,
"['Limber', 'Technician', 'Unnerve', 'Fur Coat', 'Technician', 'Rattled']",Classy Cat Pokémon,,Persian,normal,dark,,1,0,,,,,,,
"['Damp', 'Cloud Nine', 'Swift Swim']",Duck Pokémon,0.8,Psyduck,water,,19.6,1,0,,,,,,,
"['Damp', 'Cloud Nine', 'Swift Swim']",Duck Pokémon,1.7,Golduck,water,,76.6,1,0,,,,,,,
"['Vital Spirit', 'Anger Point', 'Defiant']",Pig Monkey Pokémon,0.5,Mankey,fighting,,28,1,0,,,,,,,
"['Vital Spirit', 'Anger Point', 'Defiant']",Pig Monkey Pokémon,1,Primeape,fighting,,32,1,0,,,,,,,
"['Intimidate', 'Flash Fire', 'Justified']",Puppy Pokémon,0.7,Growlithe,fire,,19,1,0,,,,,,,
"['Intimidate', 'Flash Fire', 'Justified']",Legendary Pokémon,1.9,Arcanine,fire,,155,1,0,,,,,,,
"['Water Absorb', 'Damp', 'Swift Swim']",Tadpole Pokémon,0.6,Poliwag,water,,12.4,1,0,,,,,,,
"['Water Absorb', 'Damp', 'Swift Swim']",Tadpole Pokémon,1,Poliwhirl,water,,20,1,0,,,,,,,
"['Water Absorb', 'Damp', 'Swift Swim']",Tadpole Pokémon,1.3,Poliwrath,water,fighting,54,1,0,,,,,,,
"['Synchronize', 'Inner Focus', 'Magic Guard']",Psi Pokémon,0.9,Abra,psychic,,19.5,1,0,,,,,,,
"['Synchronize', 'Inner Focus', 'Magic Guard']",Psi Pokémon,1.3,Kadabra,psychic,,56.5,1,0,,,,,,,
"['Synchronize', 'Inner Focus', 'Magic Guard']",Psi Pokémon,1.5,Alakazam,psychic,,48,1,0,,,,,,,
"['Guts', 'No Guard', 'Steadfast']",Superpower Pokémon,0.8,Machop,fighting,,19.5,1,0,,,,,,,
"['Guts', 'No Guard', 'Steadfast']",Superpower Pokémon,1.5,Machoke,fighting,,70.5,1,0,,,,,,,
"['Guts', 'No Guard', 'Steadfast']",Superpower Pokémon,1.6,Machamp,fighting,,130,1,0,,,,,,,
"['Chlorophyll', 'Gluttony']",Flower Pokémon,0.7,Bellsprout,grass,poison,4,1,0,,,,,,,
"['Chlorophyll', 'Gluttony']",Flycatcher Pokémon,1,Weepinbell,grass,poison,6.4,1,0,,,,,,,
"['Chlorophyll', 'Gluttony']",Flycatcher Pokémon,1.7,Victreebel,grass,poison,15.5,1,0,,,,,,,
"['Clear Body', 'Liquid Ooze', 'Rain Dish']",Jellyfish Pokémon,0.9,Tentacool,water,poison,45.5,1,0,,,,,,,
"['Clear Body', 'Liquid Ooze', 'Rain Dish']",Jellyfish Pokémon,1.6,Tentacruel,water,poison,55,1,0,,,,,,,
"['Rock Head', 'Sturdy', 'Sand Veil', 'Magnet Pull', 'Sturdy', 'Galvanize']",Rock Pokémon,,Geodude,rock,ground,,1,0,,,,,,,
"['Rock Head', 'Sturdy', 'Sand Veil', 'Magnet Pull', 'Sturdy', 'Galvanize']",Rock Pokémon,,Graveler,rock,ground,,1,0,,,,,,,
"['Rock Head', 'Sturdy', 'Sand Veil', 'Magnet Pull', 'Sturdy', 'Galvanize']",Megaton Pokémon,,Golem,rock,ground,,1,0,,,,,,,
"['Run Away', 'Flash Fire', 'Flame Body']",Fire Horse Pokémon,1,Ponyta,fire,,30,1,0,,,,,,,
"['Run Away', 'Flash Fire', 'Flame Body']",Fire Horse Pokémon,1.7,Rapidash,fire,,95,1,0,,,,,,,
"['Oblivious', 'Own Tempo', 'Regenerator']",Dopey Pokémon,1.2,Slowpoke,water,psychic,36,1,0,,,,,,,
"['Oblivious', 'Own Tempo', 'Regenerator']",Hermit Crab Pokémon,1.6,Slowbro,water,psychic,78.5,1,0,,,,,,,
"['Magnet Pull', 'Sturdy', 'Analytic']",Magnet Pokémon,0.3,Magnemite,electric,steel,6,1,0,,,,,,,
"['Magnet Pull', 'Sturdy', 'Analytic']",Magnet Pokémon,1,Magneton,electric,steel,60,1,0,,,,,,,
"['Keen Eye', 'Inner Focus', 'Defiant']",Wild Duck Pokémon,0.8,Farfetch'd,normal,flying,15,1,0,,,,,,,
"['Run Away', 'Early Bird', 'Tangled Feet']",Twin Bird Pokémon,1.4,Doduo,normal,flying,39.2,1,0,,,,,,,
"['Run Away', 'Early Bird', 'Tangled Feet']",Triple Bird Pokémon,1.8,Dodrio,normal,flying,85.2,1,0,,,,,,,
"['Thick Fat', 'Hydration', 'Ice Body']",Sea Lion Pokémon,1.1,Seel,water,,90,1,0,,,,,,,
"['Thick Fat', 'Hydration', 'Ice Body']",Sea Lion Pokémon,1.7,Dewgong,water,ice,120,1,0,,,,,,,
"['Stench', 'Sticky Hold', 'Poison Touch', 'Poison Touch', 'Gluttony', 'Power of Alchemy']",Sludge Pokémon,,Grimer,poison,poison,,1,0,,,,,,,
"['Stench', 'Sticky Hold', 'Poison Touch', 'Poison Touch', 'Gluttony', 'Power of Alchemy']",Sludge Pokémon,,Muk,poison,poison,,1,0,,,,,,,
"['Shell Armor', 'Skill Link', 'Overcoat']",Bivalve Pokémon,0.3,Shellder,water,,4,1,0,,,,,,,
"['Shell Armor', 'Skill Link', 'Overcoat']",Bivalve Pokémon,1.5,Cloyster,water,ice,132.5,1,0,,,,,,,
['Levitate'],Gas Pokémon,1.3,Gastly,ghost,poison,0.1,1,0,,,,,,,
['Levitate'],Gas Pokémon,1.6,Haunter,ghost,poison,0.1,1,0,,,,,,,
['Cursed Body'],Shadow Pokémon,1.5,Gengar,ghost,poison,40.5,1,0,,,,,,,
"['Rock Head', 'Sturdy', 'Weak Armor']",Rock Snake Pokémon,8.8,Onix,rock,ground,210,1,0,,,,,,,
"['Insomnia', 'Forewarn', 'Inner Focus']",Hypnosis Pokémon,1,Drowzee,psychic,,32.4,1,0,,,,,,,
"['Insomnia', 'Forewarn', 'Inner Focus']",Hypnosis Pokémon,1.6,Hypno,psychic,,75.6,1,0,,,,,,,
"['Hyper Cutter', 'Shell Armor', 'Sheer Force']",River Crab Pokémon,0.4,Krabby,water,,6.5,1,0,,,,,,,
"['Hyper Cutter', 'Shell Armor', 'Sheer Force']",Pincer Pokémon,1.3,Kingler,water,,60,1,0,,,,,,,
"['Soundproof', 'Static', 'Aftermath']",Ball Pokémon,0.5,Voltorb,electric,,10.4,1,0,,,,,,,
"['Soundproof', 'Static', 'Aftermath']",Ball Pokémon,1.2,Electrode,electric,,66.6,1,0,,,,,,,
"['Chlorophyll', 'Harvest']",Egg Pokémon,0.4,Exeggcute,grass,psychic,2.5,1,0,,,,,,,
"['Chlorophyll', 'Harvest', 'Frisk', 'Harvest']",Coconut Pokémon,,Exeggutor,grass,psychic,,1,0,,,,,,,
"['Rock Head', 'Lightningrod', 'Battle Armor']",Lonely Pokémon,0.4,Cubone,ground,,6.5,1,0,,,,,,,
"['Rock Head', 'Lightningrod', 'Battle Armor', 'Cursed Body', 'Lightningrod', 'Rock Head']",Bone Keeper Pokémon,,Marowak,ground,fire,,1,0,,,,,,,
"['Limber', 'Reckless', 'Unburden']",Kicking Pokémon,1.5,Hitmonlee,fighting,,49.8,1,0,,,,,,,
"['Keen Eye', 'Iron Fist', 'Inner Focus']",Punching Pokémon,1.4,Hitmonchan,fighting,,50.2,1,0,,,,,,,
"['Own Tempo', 'Oblivious', 'Cloud Nine']",Licking Pokémon,1.2,Lickitung,normal,,65.5,1,0,,,,,,,
['Levitate'],Poison Gas Pokémon,0.6,Koffing,poison,,1,1,0,,,,,,,
['Levitate'],Poison Gas Pokémon,1.2,Weezing,poison,,9.5,1,0,,,,,,,
"['Lightningrod', 'Rock Head', 'Reckless']",Spikes Pokémon,1,Rhyhorn,ground,rock,115,1,0,,,,,,,
"['Lightningrod', 'Rock Head', 'Reckless']",Drill Pokémon,1.9,Rhydon,ground,rock,120,1,0,,,,,,,
"['Natural Cure', 'Serene Grace', 'Healer']",Egg Pokémon,1.1,Chansey,normal,,34.6,1,0,,,,,,,
"['Chlorophyll', 'Leaf Guard', 'Regenerator']",Vine Pokémon,1,Tangela,grass,,35,1,0,,,,,,,
"['Early Bird', 'Scrappy', 'Inner Focus']",Parent Pokémon,2.2,Kangaskhan,normal,,80,1,0,,,,,,,
"['Swift Swim', 'Sniper', 'Damp']",Dragon Pokémon,0.4,Horsea,water,,8,1,0,,,,,,,
"['Poison Point', 'Sniper', 'Damp']",Dragon Pokémon,1.2,Seadra,water,,25,1,0,,,,,,,
"['Swift Swim', 'Water Veil', 'Lightningrod']",Goldfish Pokémon,0.6,Goldeen,water,,15,1,0,,,,,,,
"['Swift Swim', 'Water Veil', 'Lightningrod']",Goldfish Pokémon,1.3,Seaking,water,,39,1,0,,,,,,,
"['Illuminate', 'Natural Cure', 'Analytic']",Starshape Pokémon,0.8,Staryu,water,,34.5,1,0,,,,,,,
"['Illuminate', 'Natural Cure', 'Analytic']",Mysterious Pokémon,1.1,Starmie,water,psychic,80,1,0,,,,,,,
"['Soundproof', 'Filter', 'Technician']",Barrier Pokémon,1.3,Mr. Mime,psychic,fairy,54.5,1,0,,,,,,,
"['Swarm', 'Technician', 'Steadfast']",Mantis Pokémon,1.5,Scyther,bug,flying,56,1,0,,,,,,,
"['Oblivious', 'Forewarn', 'Dry Skin']",Humanshape Pokémon,1.4,Jynx,ice,psychic,40.6,1,0,,,,,,,
"['Static', 'Vital Spirit']",Electric Pokémon,1.1,Electabuzz,electric,,30,1,0,,,,,,,
"['Flame Body', 'Vital Spirit']",Spitfire Pokémon,1.3,Magmar,fire,,44.5,1,0,,,,,,,
"['Hyper Cutter', 'Mold Breaker', 'Moxie']",Stagbeetle Pokémon,1.5,Pinsir,bug,,55,1,0,,,,,,,
"['Intimidate', 'Anger Point', 'Sheer Force']",Wild Bull Pokémon,1.4,Tauros,normal,,88.4,1,0,,,,,,,
"['Swift Swim', 'Rattled']",Fish Pokémon,0.9,Magikarp,water,,10,1,0,,,,,,,
"['Intimidate', 'Moxie']",Atrocious Pokémon,6.5,Gyarados,water,flying,235,1,0,,,,,,,
"['Water Absorb', 'Shell Armor', 'Hydration']",Transport Pokémon,2.5,Lapras,water,ice,220,1,0,,,,,,,
"['Limber', 'Imposter']",Transform Pokémon,0.3,Ditto,normal,,4,1,0,,,,,,,
"['Run Away', 'Adaptability', 'Anticipation']",Evolution Pokémon,0.3,Eevee,normal,,6.5,1,0,,,,,,,
"['Water Absorb', 'Hydration']",Bubble Jet Pokémon,1,Vaporeon,water,,29,1,0,,,,,,,
"['Volt Absorb', 'Quick Feet']",Lightning Pokémon,0.8,Jolteon,electric,,24.5,1,0,,,,,,,
"['Flash Fire', 'Guts']",Flame Pokémon,0.9,Flareon,fire,,25,1,0,,,,,,,
"['Trace', 'Download', 'Analytic']",Virtual Pokémon,0.8,Porygon,normal,,36.5,1,0,,,,,,,
"['Swift Swim', 'Shell Armor', 'Weak Armor']",Spiral Pokémon,0.4,Omanyte,rock,water,7.5,1,0,,,,,,,
"['Swift Swim', 'Shell Armor', 'Weak Armor']",Spiral Pokémon,1,Omastar,rock,water,35,1,0,,,,,,,
"['Swift Swim', 'Battle Armor', 'Weak Armor']",Shellfish Pokémon,0.5,Kabuto,rock,water,11.5,1,0,,,,,,,
"['Swift Swim', 'Battle Armor', 'Weak Armor']",Shellfish Pokémon,1.3,Kabutops,rock,water,40.5,1,0,,,,,,,
"['Rock Head', 'Pressure', 'Unnerve']",Fossil Pokémon,1.8,Aerodactyl,rock,flying,59,1,0,,,,,,,
"['Immunity', 'Thick Fat', 'Gluttony']",Sleeping Pokémon,2.1,Snorlax,normal,,460,1,0,,,,,,,
"['Pressure', 'Snow Cloak']",Freeze Pokémon,1.7,Articuno,ice,flying,55.4,1,1,,,,,,,
"['Pressure', 'Static']",Electric Pokémon,1.6,Zapdos,electric,flying,52.6,1,1,,,,,,,
"['Pressure', 'Flame Body']",Flame Pokémon,2,Moltres,fire,flying,60,1,1,,,,,,,
"['Shed Skin', 'Marvel Scale']",Dragon Pokémon,1.8,Dratini,dragon,,3.3,1,0,,,,,,,
"['Shed Skin', 'Marvel Scale']",Dragon Pokémon,4,Dragonair,dragon,,16.5,1,0,,,,,,,
"['Inner Focus', 'Multiscale']",Dragon Pokémon,2.2,Dragonite,dragon,flying,210,1,0,,,,,,,
"['Pressure', 'Unnerve']",Genetic Pokémon,2,Mewtwo,psychic,,122,1,1,,,,,,,
['Synchronize'],New Species Pokémon,0.4,Mew,psychic,,4,1,1,,,,,,,
"['Overgrow', 'Leaf Guard']",Leaf Pokémon,0.9,Chikorita,grass,,6.4,2,0,,,,,,,
"['Overgrow', 'Leaf Guard']",Leaf Pokémon,1.2,Bayleef,grass,,15.8,2,0,,,,,,,
"['Overgrow', 'Leaf Guard']",Herb Pokémon,1.8,Meganium,grass,,100.5,2,0,,,,,,,
"['Blaze', 'Flash Fire']",Fire Mouse Pokémon,0.5,Cyndaquil,fire,,7.9,2,0,,,,,,,
"['Blaze', 'Flash Fire']",Volcano Pokémon,0.9,Quilava,fire,,19,2,0,,,,,,,
"['Blaze', 'Flash Fire']",Volcano Pokémon,1.7,Typhlosion,fire,,79.5,2,0,,,,,,,
"['Torrent', 'Sheer Force']",Big Jaw Pokémon,0.6,Totodile,water,,9.5,2,0,,,,,,,
"['Torrent', 'Sheer Force']",Big Jaw Pokémon,1.1,Croconaw,water,,25,2,0,,,,,,,
"['Torrent', 'Sheer Force']",Big Jaw Pokémon,2.3,Feraligatr,water,,88.8,2,0,,,,,,,
"['Run Away', 'Keen Eye', 'Frisk']",Scout Pokémon,0.8,Sentret,normal,,6,2,0,,,,,,,
"['Run Away', 'Keen Eye', 'Frisk']",Long Body Pokémon,1.8,Furret,normal,,32.5,2,0,,,,,,,
"['Insomnia', 'Keen Eye', 'Tinted Lens']",Owl Pokémon,0.7,Hoothoot,normal,flying,21.2,2,0,,,,,,,
"['Insomnia', 'Keen Eye', 'Tinted Lens']",Owl Pokémon,1.6,Noctowl,normal,flying,40.8,2,0,,,,,,,
"['Swarm', 'Early Bird', 'Rattled']",Five Star Pokémon,1,Ledyba,bug,flying,10.8,2,0,,,,,,,
"['Swarm', 'Early Bird', 'Iron Fist']",Five Star Pokémon,1.4,Ledian,bug,flying,35.6,2,0,,,,,,,
"['Swarm', 'Insomnia', 'Sniper']",String Spit Pokémon,0.5,Spinarak,bug,poison,8.5,2,0,,,,,,,
"['Swarm', 'Insomnia', 'Sniper']",Long Leg Pokémon,1.1,Ariados,bug,poison,33.5,2,0,,,,,,,
"['Inner Focus', 'Infiltrator']",Bat Pokémon,1.8,Crobat,poison,flying,75,2,0,,,,,,,
"['Volt Absorb', 'Illuminate', 'Water Absorb']",Angler Pokémon,0.5,Chinchou,water,electric,12,2,0,,,,,,,
"['Volt Absorb', 'Illuminate', 'Water Absorb']",Light Pokémon,1.2,Lanturn,water,electric,22.5,2,0,,,,,,,
"['Static', 'Lightningrod']",Tiny Mouse Pokémon,0.3,Pichu,electric,,2,2,0,,,,,,,
"['Cute Charm', 'Magic Guard', 'Friend Guard']",Star Shape Pokémon,0.3,Cleffa,fairy,,3,2,0,,,,,,,
"['Cute Charm', 'Competitive', 'Friend Guard']",Balloon Pokémon,0.3,Igglybuff,normal,fairy,1,2,0,,,,,,,
"['Hustle', 'Serene Grace', 'Super Luck']",Spike Ball Pokémon,0.3,Togepi,fairy,,1.5,2,0,,,,,,,
"['Hustle', 'Serene Grace', 'Super Luck']",Happiness Pokémon,0.6,Togetic,fairy,flying,3.2,2,0,,,,,,,
"['Synchronize', 'Early Bird', 'Magic Bounce']",Little Bird Pokémon,0.2,Natu,psychic,flying,2,2,0,,,,,,,
"['Synchronize', 'Early Bird', 'Magic Bounce']",Mystic Pokémon,1.5,Xatu,psychic,flying,15,2,0,,,,,,,
"['Static', 'Plus']",Wool Pokémon,0.6,Mareep,electric,,7.8,2,0,,,,,,,
"['Static', 'Plus']",Wool Pokémon,0.8,Flaaffy,electric,,13.3,2,0,,,,,,,
"['Static', 'Plus']",Light Pokémon,1.4,Ampharos,electric,,61.5,2,0,,,,,,,
"['Chlorophyll', 'Healer']",Flower Pokémon,0.4,Bellossom,grass,,5.8,2,0,,,,,,,
"['Thick Fat', 'Huge Power', 'Sap Sipper']",Aquamouse Pokémon,0.4,Marill,water,fairy,8.5,2,0,,,,,,,
"['Thick Fat', 'Huge Power', 'Sap Sipper']",Aquarabbit Pokémon,0.8,Azumarill,water,fairy,28.5,2,0,,,,,,,
"['Sturdy', 'Rock Head', 'Rattled']",Imitation Pokémon,1.2,Sudowoodo,rock,,38,2,0,,,,,,,
"['Water Absorb', 'Damp', 'Drizzle']",Frog Pokémon,1.1,Politoed,water,,33.9,2,0,,,,,,,
"['Chlorophyll', 'Leaf Guard', 'Infiltrator']",Cottonweed Pokémon,0.4,Hoppip,grass,flying,0.5,2,0,,,,,,,
"['Chlorophyll', 'Leaf Guard', 'Infiltrator']",Cottonweed Pokémon,0.6,Skiploom,grass,flying,1,2,0,,,,,,,
"['Chlorophyll', 'Leaf Guard', 'Infiltrator']",Cottonweed Pokémon,0.8,Jumpluff,grass,flying,3,2,0,,,,,,,
"['Run Away', 'Pickup', 'Skill Link']",Long Tail Pokémon,0.8,Aipom,normal,,11.5,2,0,,,,,,,
"['Chlorophyll', 'Solar Power', 'Early Bird']",Seed Pokémon,0.3,Sunkern,grass,,1.8,2,0,,,,,,,
"['Chlorophyll', 'Solar Power', 'Early Bird']",Sun Pokémon,0.8,Sunflora,grass,,8.5,2,0,,,,,,,
"['Speed Boost', 'Compoundeyes', 'Frisk']",Clear Wing Pokémon,1.2,Yanma,bug,flying,38,2,0,,,,,,,
"['Damp', 'Water Absorb', 'Unaware']",Water Fish Pokémon,0.4,Wooper,water,ground,8.5,2,0,,,,,,,
"['Damp', 'Water Absorb', 'Unaware']",Water Fish Pokémon,1.4,Quagsire,water,ground,75,2,0,,,,,,,
"['Synchronize', 'Magic Bounce']",Sun Pokémon,0.9,Espeon,psychic,,26.5,2,0,,,,,,,
"['Synchronize', 'Inner Focus']",Moonlight Pokémon,1,Umbreon,dark,,27,2,0,,,,,,,
"['Insomnia', 'Super Luck', 'Prankster']",Darkness Pokémon,0.5,Murkrow,dark,flying,2.1,2,0,,,,,,,
"['Oblivious', 'Own Tempo', 'Regenerator']",Royal Pokémon,2,Slowking,water,psychic,79.5,2,0,,,,,,,
['Levitate'],Screech Pokémon,0.7,Misdreavus,ghost,,1,2,0,,,,,,,
['Levitate'],Symbol Pokémon,0.5,Unown,psychic,,5,2,0,,,,,,,
"['Shadow Tag', 'Telepathy']",Patient Pokémon,1.3,Wobbuffet,psychic,,28.5,2,0,,,,,,,
"['Inner Focus', 'Early Bird', 'Sap Sipper']",Long Neck Pokémon,1.5,Girafarig,normal,psychic,41.5,2,0,,,,,,,
"['Sturdy', 'Overcoat']",Bagworm Pokémon,0.6,Pineco,bug,,7.2,2,0,,,,,,,
"['Sturdy', 'Overcoat']",Bagworm Pokémon,1.2,Forretress,bug,steel,125.8,2,0,,,,,,,
"['Serene Grace', 'Run Away', 'Rattled']",Land Snake Pokémon,1.5,Dunsparce,normal,,14,2,0,,,,,,,
"['Hyper Cutter', 'Sand Veil', 'Immunity']",Flyscorpion Pokémon,1.1,Gligar,ground,flying,64.8,2,0,,,,,,,
"['Rock Head', 'Sturdy', 'Sheer Force']",Iron Snake Pokémon,9.2,Steelix,steel,ground,400,2,0,,,,,,,
"['Intimidate', 'Run Away', 'Rattled']",Fairy Pokémon,0.6,Snubbull,fairy,,7.8,2,0,,,,,,,
"['Intimidate', 'Quick Feet', 'Rattled']",Fairy Pokémon,1.4,Granbull,fairy,,48.7,2,0,,,,,,,
"['Poison Point', 'Swift Swim', 'Intimidate']",Balloon Pokémon,0.5,Qwilfish,water,poison,3.9,2,0,,,,,,,
"['Swarm', 'Technician', 'Light Metal']",Pincer Pokémon,1.8,Scizor,bug,steel,118,2,0,,,,,,,
"['Sturdy', 'Gluttony', 'Contrary']",Mold Pokémon,0.6,Shuckle,bug,rock,20.5,2,0,,,,,,,
"['Swarm', 'Guts', 'Moxie']",Singlehorn Pokémon,1.5,Heracross,bug,fighting,54,2,0,,,,,,,
"['Inner Focus', 'Keen Eye', 'Pickpocket']",Sharp Claw Pokémon,0.9,Sneasel,dark,ice,28,2,0,,,,,,,
"['Pickup', 'Quick Feet', 'Honey Gather']",Little Bear Pokémon,0.6,Teddiursa,normal,,8.8,2,0,,,,,,,
"['Guts', 'Quick Feet', 'Unnerve']",Hibernator Pokémon,1.8,Ursaring,normal,,125.8,2,0,,,,,,,
"['Magma Armor', 'Flame Body', 'Weak Armor']",Lava Pokémon,0.7,Slugma,fire,,35,2,0,,,,,,,
"['Magma Armor', 'Flame Body', 'Weak Armor']",Lava Pokémon,0.8,Magcargo,fire,rock,55,2,0,,,,,,,
"['Oblivious', 'Snow Cloak', 'Thick Fat']",Pig Pokémon,0.4,Swinub,ice,ground,6.5,2,0,,,,,,,
"['Oblivious', 'Snow Cloak', 'Thick Fat']",Swine Pokémon,1.1,Piloswine,ice,ground,55.8,2,0,,,,,,,
"['Hustle', 'Natural Cure', 'Regenerator']",Coral Pokémon,0.6,Corsola,water,rock,5,2,0,,,,,,,
"['Hustle', 'Sniper', 'Moody']",Jet Pokémon,0.6,Remoraid,water,,12,2,0,,,,,,,
"['Suction Cups', 'Sniper', 'Moody']",Jet Pokémon,0.9,Octillery,water,,28.5,2,0,,,,,,,
"['Vital Spirit', 'Hustle', 'Insomnia']",Delivery Pokémon,0.9,Delibird,ice,flying,16,2,0,,,,,,,
"['Swift Swim', 'Water Absorb', 'Water Veil']",Kite Pokémon,2.1,Mantine,water,flying,220,2,0,,,,,,,
"['Keen Eye', 'Sturdy', 'Weak Armor']",Armor Bird Pokémon,1.7,Skarmory,steel,flying,50.5,2,0,,,,,,,
"['Early Bird', 'Flash Fire', 'Unnerve']",Dark Pokémon,0.6,Houndour,dark,fire,10.8,2,0,,,,,,,
"['Early Bird', 'Flash Fire', 'Unnerve']",Dark Pokémon,1.4,Houndoom,dark,fire,35,2,0,,,,,,,
"['Swift Swim', 'Sniper', 'Damp']",Dragon Pokémon,1.8,Kingdra,water,dragon,152,2,0,,,,,,,
"['Pickup', 'Sand Veil']",Long Nose Pokémon,0.5,Phanpy,ground,,33.5,2,0,,,,,,,
"['Sturdy', 'Sand Veil']",Armor Pokémon,1.1,Donphan,ground,,120,2,0,,,,,,,
"['Trace', 'Download', 'Analytic']",Virtual Pokémon,0.6,Porygon2,normal,,32.5,2,0,,,,,,,
"['Intimidate', 'Frisk', 'Sap Sipper']",Big Horn Pokémon,1.4,Stantler,normal,,71.2,2,0,,,,,,,
"['Own Tempo', 'Technician', 'Moody']",Painter Pokémon,1.2,Smeargle,normal,,58,2,0,,,,,,,
"['Guts', 'Steadfast', 'Vital Spirit']",Scuffle Pokémon,0.7,Tyrogue,fighting,,21,2,0,,,,,,,
"['Intimidate', 'Technician', 'Steadfast']",Handstand Pokémon,1.4,Hitmontop,fighting,,48,2,0,,,,,,,
"['Oblivious', 'Forewarn', 'Hydration']",Kiss Pokémon,0.4,Smoochum,ice,psychic,6,2,0,,,,,,,
"['Static', 'Vital Spirit']",Electric Pokémon,0.6,Elekid,electric,,23.5,2,0,,,,,,,
"['Flame Body', 'Vital Spirit']",Live Coal Pokémon,0.7,Magby,fire,,21.4,2,0,,,,,,,
"['Thick Fat', 'Scrappy', 'Sap Sipper']",Milk Cow Pokémon,1.2,Miltank,normal,,75.5,2,0,,,,,,,
"['Natural Cure', 'Serene Grace', 'Healer']",Happiness Pokémon,1.5,Blissey,normal,,46.8,2,0,,,,,,,
"['Pressure', 'Inner Focus']",Thunder Pokémon,1.9,Raikou,electric,,178,2,1,,,,,,,
"['Pressure', 'Inner Focus']",Volcano Pokémon,2.1,Entei,fire,,198,2,1,,,,,,,
"['Pressure', 'Inner Focus']",Aurora Pokémon,2,Suicune,water,,187,2,1,,,,,,,
"['Guts', 'Sand Veil']",Rock Skin Pokémon,0.6,Larvitar,rock,ground,72,2,0,,,,,,,
['Shed Skin'],Hard Shell Pokémon,1.2,Pupitar,rock,ground,152,2,0,,,,,,,
"['Sand Stream', 'Unnerve']",Armor Pokémon,2,Tyranitar,rock,dark,202,2,0,,,,,,,
"['Pressure', 'Multiscale']",Diving Pokémon,5.2,Lugia,psychic,flying,216,2,1,,,,,,,
"['Pressure', 'Regenerator']",Rainbow Pokémon,3.8,Ho-Oh,fire,flying,199,2,1,,,,,,,
['Natural Cure'],Time Travel Pokémon,0.6,Celebi,psychic,grass,5,2,1,,,,,,,
"['Overgrow', 'Unburden']",Wood Gecko Pokémon,0.5,Treecko,grass,,5,3,0,,,,,,,
"['Overgrow', 'Unburden']",Wood Gecko Pokémon,0.9,Grovyle,grass,,21.6,3,0,,,,,,,
"['Overgrow', 'Unburden']",Forest Pokémon,1.7,Sceptile,grass,,52.2,3,0,,,,,,,
"['Blaze', 'Speed Boost']",Chick Pokémon,0.4,Torchic,fire,,2.5,3,0,,,,,,,
"['Blaze', 'Speed Boost']",Young Fowl Pokémon,0.9,Combusken,fire,fighting,19.5,3,0,,,,,,,
"['Blaze', 'Speed Boost']",Blaze Pokémon,1.9,Blaziken,fire,fighting,52,3,0,,,,,,,
"['Torrent', 'Damp']",Mud Fish Pokémon,0.4,Mudkip,water,,7.6,3,0,,,,,,,
"['Torrent', 'Damp']",Mud Fish Pokémon,0.7,Marshtomp,water,ground,28,3,0,,,,,,,
"['Torrent', 'Damp']",Mud Fish Pokémon,1.5,Swampert,water,ground,81.9,3,0,,,,,,,
"['Run Away', 'Quick Feet', 'Rattled']",Bite Pokémon,0.5,Poochyena,dark,,13.6,3,0,,,,,,,
"['Intimidate', 'Quick Feet', 'Moxie']",Bite Pokémon,1,Mightyena,dark,,37,3,0,,,,,,,
"['Pickup', 'Gluttony', 'Quick Feet']",Tiny Racoon Pokémon,0.4,Zigzagoon,normal,,17.5,3,0,,,,,,,
"['Pickup', 'Gluttony', 'Quick Feet']",Rush Pokémon,0.5,Linoone,normal,,32.5,3,0,,,,,,,
"['Shield Dust', 'Run Away']",Worm Pokémon,0.3,Wurmple,bug,,3.6,3,0,,,,,,,
['Shed Skin'],Cocoon Pokémon,0.6,Silcoon,bug,,10,3,0,,,,,,,
"['Swarm', 'Rivalry']",Butterfly Pokémon,1,Beautifly,bug,flying,28.4,3,0,,,,,,,
['Shed Skin'],Cocoon Pokémon,0.7,Cascoon,bug,,11.5,3,0,,,,,,,
"['Shield Dust', 'Compoundeyes']",Poison Moth Pokémon,1.2,Dustox,bug,poison,31.6,3,0,,,,,,,
"['Swift Swim', 'Rain Dish', 'Own Tempo']",Water Weed Pokémon,0.5,Lotad,water,grass,2.6,3,0,,,,,,,
"['Swift Swim', 'Rain Dish', 'Own Tempo']",Jolly Pokémon,1.2,Lombre,water,grass,32.5,3,0,,,,,,,
"['Swift Swim', 'Rain Dish', 'Own Tempo']",Carefree Pokémon,1.5,Ludicolo,water,grass,55,3,0,,,,,,,
"['Chlorophyll', 'Early Bird', 'Pickpocket']",Acorn Pokémon,0.5,Seedot,grass,,4,3,0,,,,,,,
"['Chlorophyll', 'Early Bird', 'Pickpocket']",Wily Pokémon,1,Nuzleaf,grass,dark,28,3,0,,,,,,,
"['Chlorophyll', 'Early Bird', 'Pickpocket']",Wickid Pokémon,1.3,Shiftry,grass,dark,59.6,3,0,,,,,,,
"['Guts', 'Scrappy']",TinySwallow Pokémon,0.3,Taillow,normal,flying,2.3,3,0,,,,,,,
"['Guts', 'Scrappy']",Swallow Pokémon,0.7,Swellow,normal,flying,19.8,3,0,,,,,,,
"['Keen Eye', 'Hydration', 'Rain Dish']",Seagull Pokémon,0.6,Wingull,water,flying,9.5,3,0,,,,,,,
"['Keen Eye', 'Drizzle', 'Rain Dish']",Water Bird Pokémon,1.2,Pelipper,water,flying,28,3,0,,,,,,,
"['Synchronize', 'Trace', 'Telepathy']",Feeling Pokémon,0.4,Ralts,psychic,fairy,6.6,3,0,,,,,,,
"['Synchronize', 'Trace', 'Telepathy']",Emotion Pokémon,0.8,Kirlia,psychic,fairy,20.2,3,0,,,,,,,
"['Synchronize', 'Trace', 'Telepathy']",Embrace Pokémon,1.6,Gardevoir,psychic,fairy,48.4,3,0,,,,,,,
"['Swift Swim', 'Rain Dish']",Pond Skater Pokémon,0.5,Surskit,bug,water,1.7,3,0,,,,,,,
"['Intimidate', 'Unnerve']",Eyeball Pokémon,0.8,Masquerain,bug,flying,3.6,3,0,,,,,,,
"['Effect Spore', 'Poison Heal', 'Quick Feet']",Mushroom Pokémon,0.4,Shroomish,grass,,4.5,3,0,,,,,,,
"['Effect Spore', 'Poison Heal', 'Technician']",Mushroom Pokémon,1.2,Breloom,grass,fighting,39.2,3,0,,,,,,,
['Truant'],Slacker Pokémon,0.8,Slakoth,normal,,24,3,0,,,,,,,
['Vital Spirit'],Wild Monkey Pokémon,1.4,Vigoroth,normal,,46.5,3,0,,,,,,,
['Truant'],Lazy Pokémon,2,Slaking,normal,,130.5,3,0,,,,,,,
"['Compoundeyes', 'Run Away']",Trainee Pokémon,0.5,Nincada,bug,ground,5.5,3,0,,,,,,,
"['Speed Boost', 'Infiltrator']",Ninja Pokémon,0.8,Ninjask,bug,flying,12,3,0,,,,,,,
['Wonder Guard'],Shed Pokémon,0.8,Shedinja,bug,ghost,1.2,3,0,,,,,,,
"['Soundproof', 'Rattled']",Whisper Pokémon,0.6,Whismur,normal,,16.3,3,0,,,,,,,
"['Soundproof', 'Scrappy']",Big Voice Pokémon,1,Loudred,normal,,40.5,3,0,,,,,,,
"['Soundproof', 'Scrappy']",Loud Noise Pokémon,1.5,Exploud,normal,,84,3,0,,,,,,,
"['Thick Fat', 'Guts', 'Sheer Force']",Guts Pokémon,1,Makuhita,fighting,,86.4,3,0,,,,,,,
"['Thick Fat', 'Guts', 'Sheer Force']",Arm Thrust Pokémon,2.3,Hariyama,fighting,,253.8,3,0,,,,,,,
"['Thick Fat', 'Huge Power', 'Sap Sipper']",Polka Dot Pokémon,0.2,Azurill,normal,fairy,2,3,0,,,,,,,
"['Sturdy', 'Magnet Pull', 'Sand Force']",Compass Pokémon,1,Nosepass,rock,,97,3,0,,,,,,,
"['Cute Charm', 'Normalize', 'Wonder Skin ']",Kitten Pokémon,0.6,Skitty,normal,,11,3,0,,,,,,,
"['Cute Charm', 'Normalize', 'Wonder Skin ']",Prim Pokémon,1.1,Delcatty,normal,,32.6,3,0,,,,,,,
"['Keen Eye', 'Stall', 'Prankster']",Darkness Pokémon,0.5,Sableye,dark,ghost,11,3,0,,,,,,,
"['Hyper Cutter', 'Intimidate', 'Sheer Force']",Deceiver Pokémon,0.6,Mawile,steel,fairy,11.5,3,0,,,,,,,
"['Sturdy', 'Rock Head', 'Heavy Metal']",Iron Armor Pokémon,0.4,Aron,steel,rock,60,3,0,,,,,,,
"['Sturdy', 'Rock Head', 'Heavy Metal']",Iron Armor Pokémon,0.9,Lairon,steel,rock,120,3,0,,,,,,,
"['Sturdy', 'Rock Head', 'Heavy Metal']",Iron Armor Pokémon,2.1,Aggron,steel,rock,360,3,0,,,,,,,
"['Pure Power', 'Telepathy']",Meditate Pokémon,0.6,Meditite,fighting,psychic,11.2,3,0,,,,,,,
"['Pure Power', 'Telepathy']",Meditate Pokémon,1.3,Medicham,fighting,psychic,31.5,3,0,,,,,,,
"['Static', 'Lightningrod', 'Minus']",Lightning Pokémon,0.6,Electrike,electric,,15.2,3,0,,,,,,,
"['Static', 'Lightningrod', 'Minus']",Discharge Pokémon,1.5,Manectric,electric,,40.2,3,0,,,,,,,
"['Plus', 'Lightningrod']",Cheering Pokémon,0.4,Plusle,electric,,4.2,3,0,,,,,,,
"['Minus', 'Volt Absorb']",Cheering Pokémon,0.4,Minun,electric,,4.2,3,0,,,,,,,
"['Illuminate', 'Swarm', 'Prankster']",Firefly Pokémon,0.7,Volbeat,bug,,17.7,3,0,,,,,,,
"['Oblivious', 'Tinted Lens', 'Prankster']",Firefly Pokémon,0.6,Illumise,bug,,17.7,3,0,,,,,,,
"['Natural Cure', 'Poison Point', 'Leaf Guard']",Thorn Pokémon,0.3,Roselia,grass,poison,2,3,0,,,,,,,
"['Liquid Ooze', 'Sticky Hold', 'Gluttony']",Stomach Pokémon,0.4,Gulpin,poison,,10.3,3,0,,,,,,,
"['Liquid Ooze', 'Sticky Hold', 'Gluttony']",Poison Bag Pokémon,1.7,Swalot,poison,,80,3,0,,,,,,,
"['Rough Skin', 'Speed Boost']",Savage Pokémon,0.8,Carvanha,water,dark,20.8,3,0,,,,,,,
"['Rough Skin', 'Speed Boost']",Brutal Pokémon,1.8,Sharpedo,water,dark,88.8,3,0,,,,,,,
"['Water Veil', 'Oblivious', 'Pressure']",Ball Whale Pokémon,2,Wailmer,water,,130,3,0,,,,,,,
"['Water Veil', 'Oblivious', 'Pressure']",Float Whale Pokémon,14.5,Wailord,water,,398,3,0,,,,,,,
"['Oblivious', 'Simple', 'Own Tempo']",Numb Pokémon,0.7,Numel,fire,ground,24,3,0,,,,,,,
"['Magma Armor', 'Solid Rock', 'Anger Point']",Eruption Pokémon,1.9,Camerupt,fire,ground,220,3,0,,,,,,,
"['White Smoke', 'Drought', 'Shell Armor']",Coal Pokémon,0.5,Torkoal,fire,,80.4,3,0,,,,,,,
"['Thick Fat', 'Own Tempo', 'Gluttony']",Bounce Pokémon,0.7,Spoink,psychic,,30.6,3,0,,,,,,,
"['Thick Fat', 'Own Tempo', 'Gluttony']",Manipulate Pokémon,0.9,Grumpig,psychic,,71.5,3,0,,,,,,,
"['Own Tempo', 'Tangled Feet', 'Contrary']",Spot Panda Pokémon,1.1,Spinda,normal,,5,3,0,,,,,,,
"['Hyper Cutter', 'Arena Trap', 'Sheer Force']",Ant Pit Pokémon,0.7,Trapinch,ground,,15,3,0,,,,,,,
['Levitate'],Vibration Pokémon,1.1,Vibrava,ground,dragon,15.3,3,0,,,,,,,
['Levitate'],Mystic Pokémon,2,Flygon,ground,dragon,82,3,0,,,,,,,
"['Sand Veil', 'Water Absorb']",Cactus Pokémon,0.4,Cacnea,grass,,51.3,3,0,,,,,,,
"['Sand Veil', 'Water Absorb']",Scarecrow Pokémon,1.3,Cacturne,grass,dark,77.4,3,0,,,,,,,
"['Natural Cure', 'Cloud Nine']",Cotton Bird Pokémon,0.4,Swablu,normal,flying,1.2,3,0,,,,,,,
"['Natural Cure', 'Cloud Nine']",Humming Pokémon,1.1,Altaria,dragon,flying,20.6,3,0,,,,,,,
"['Immunity', 'Toxic Boost']",Cat Ferret Pokémon,1.3,Zangoose,normal,,40.3,3,0,,,,,,,
"['Shed Skin', 'Infiltrator']",Fang Snake Pokémon,2.7,Seviper,poison,,52.5,3,0,,,,,,,
['Levitate'],Meteorite Pokémon,1,Lunatone,rock,psychic,168,3,0,,,,,,,
['Levitate'],Meteorite Pokémon,1.2,Solrock,rock,psychic,154,3,0,,,,,,,
"['Oblivious', 'Anticipation', 'Hydration']",Whiskers Pokémon,0.4,Barboach,water,ground,1.9,3,0,,,,,,,
"['Oblivious', 'Anticipation', 'Hydration']",Whiskers Pokémon,0.9,Whiscash,water,ground,23.6,3,0,,,,,,,
"['Hyper Cutter', 'Shell Armor', 'Adaptability']",Ruffian Pokémon,0.6,Corphish,water,,11.5,3,0,,,,,,,
"['Hyper Cutter', 'Shell Armor', 'Adaptability']",Rogue Pokémon,1.1,Crawdaunt,water,dark,32.8,3,0,,,,,,,
['Levitate'],Clay Doll Pokémon,0.5,Baltoy,ground,psychic,21.5,3,0,,,,,,,
['Levitate'],Clay Doll Pokémon,1.5,Claydol,ground,psychic,108,3,0,,,,,,,
"['Suction Cups', 'Storm Drain']",Sea Lily Pokémon,1,Lileep,rock,grass,23.8,3,0,,,,,,,
"['Suction Cups', 'Storm Drain']",Barnacle Pokémon,1.5,Cradily,rock,grass,60.4,3,0,,,,,,,
"['Battle Armor', 'Swift Swim']",Old Shrimp Pokémon,0.7,Anorith,rock,bug,12.5,3,0,,,,,,,
"['Battle Armor', 'Swift Swim']",Plate Pokémon,1.5,Armaldo,rock,bug,68.2,3,0,,,,,,,
"['Swift Swim', 'Oblivious', 'Adaptability']",Fish Pokémon,0.6,Feebas,water,,7.4,3,0,,,,,,,
"['Marvel Scale', 'Competitive', 'Cute Charm']",Tender Pokémon,6.2,Milotic,water,,162,3,0,,,,,,,
['Forecast'],Weather Pokémon,0.3,Castform,normal,,0.8,3,0,,,,,,,
"['Color Change', 'Protean']",Color Swap Pokémon,1,Kecleon,normal,,22,3,0,,,,,,,
"['Insomnia', 'Frisk', 'Cursed Body']",Puppet Pokémon,0.6,Shuppet,ghost,,2.3,3,0,,,,,,,
"['Insomnia', 'Frisk', 'Cursed Body']",Marionette Pokémon,1.1,Banette,ghost,,12.5,3,0,,,,,,,
"['Levitate', 'Frisk']",Requiem Pokémon,0.8,Duskull,ghost,,15,3,0,,,,,,,
"['Pressure', 'Frisk']",Beckon Pokémon,1.6,Dusclops,ghost,,30.6,3,0,,,,,,,
"['Chlorophyll', 'Solar Power', 'Harvest']",Fruit Pokémon,2,Tropius,grass,flying,100,3,0,,,,,,,
['Levitate'],Wind Chime Pokémon,0.6,Chimecho,psychic,,1,3,0,,,,,,,
"['Pressure', 'Super Luck', 'Justified']",Disaster Pokémon,1.2,Absol,dark,,47,3,0,,,,,,,
"['Shadow Tag', 'Telepathy']",Bright Pokémon,0.6,Wynaut,psychic,,14,3,0,,,,,,,
"['Inner Focus', 'Ice Body', 'Moody']",Snow Hat Pokémon,0.7,Snorunt,ice,,16.8,3,0,,,,,,,
"['Inner Focus', 'Ice Body', 'Moody']",Face Pokémon,1.5,Glalie,ice,,256.5,3,0,,,,,,,
"['Thick Fat', 'Ice Body', 'Oblivious']",Clap Pokémon,0.8,Spheal,ice,water,39.5,3,0,,,,,,,
"['Thick Fat', 'Ice Body', 'Oblivious']",Ball Roll Pokémon,1.1,Sealeo,ice,water,87.6,3,0,,,,,,,
"['Thick Fat', 'Ice Body', 'Oblivious']",Ice Break Pokémon,1.4,Walrein,ice,water,150.6,3,0,,,,,,,
"['Shell Armor', 'Rattled']",Bivalve Pokémon,0.4,Clamperl,water,,52.5,3,0,,,,,,,
"['Swift Swim', 'Water Veil']",Deep Sea Pokémon,1.7,Huntail,water,,27,3,0,,,,,,,
"['Swift Swim', 'Hydration']",South Sea Pokémon,1.8,Gorebyss,water,,22.6,3,0,,,,,,,
"['Swift Swim', 'Rock Head', 'Sturdy']",Longevity Pokémon,1,Relicanth,water,rock,23.4,3,0,,,,,,,
"['Swift Swim', 'Hydration']",Rendezvous Pokémon,0.6,Luvdisc,water,,8.7,3,0,,,,,,,
"['Rock Head', 'Sheer Force']",Rock Head Pokémon,0.6,Bagon,dragon,,42.1,3,0,,,,,,,
"['Rock Head', 'Overcoat']",Endurance Pokémon,1.1,Shelgon,dragon,,110.5,3,0,,,,,,,
"['Intimidate', 'Moxie']",Dragon Pokémon,1.5,Salamence,dragon,flying,102.6,3,0,,,,,,,
"['Clear Body', 'Light Metal']",Iron Ball Pokémon,0.6,Beldum,steel,psychic,95.2,3,0,,,,,,,
"['Clear Body', 'Light Metal']",Iron Claw Pokémon,1.2,Metang,steel,psychic,202.5,3,0,,,,,,,
"['Clear Body', 'Light Metal']",Iron Leg Pokémon,1.6,Metagross,steel,psychic,550,3,0,,,,,,,
"['Clear Body', 'Sturdy']",Rock Peak Pokémon,1.7,Regirock,rock,,230,3,1,,,,,,,
"['Clear Body', 'Ice Body']",Iceberg Pokémon,1.8,Regice,ice,,175,3,1,,,,,,,
"['Clear Body', 'Light Metal']",Iron Pokémon,1.9,Registeel,steel,,205,3,1,,,,,,,
['Levitate'],Eon Pokémon,1.4,Latias,dragon,psychic,40,3,1,,,,,,,
['Levitate'],Eon Pokémon,2,Latios,dragon,psychic,60,3,1,,,,,,,
['Drizzle'],Sea Basin Pokémon,4.5,Kyogre,water,,352,3,1,,,,,,,
['Drought'],Continent Pokémon,3.5,Groudon,ground,,950,3,1,,,,,,,
['Air Lock'],Sky High Pokémon,7,Rayquaza,dragon,flying,206.5,3,1,,,,,,,
['Serene Grace'],Wish Pokémon,0.3,Jirachi,steel,psychic,1.1,3,1,,,,,,,
['Pressure'],DNA Pokémon,1.7,Deoxys,psychic,,60.8,3,1,,,,,,,
"['Overgrow', 'Shell Armor']",Tiny Leaf Pokémon,0.4,Turtwig,grass,,10.2,4,0,,,,,,,
"['Overgrow', 'Shell Armor']",Grove Pokémon,1.1,Grotle,grass,,97,4,0,,,,,,,
"['Overgrow', 'Shell Armor']",Continent Pokémon,2.2,Torterra,grass,ground,310,4,0,,,,,,,
"['Blaze', 'Iron Fist']",Chimp Pokémon,0.5,Chimchar,fire,,6.2,4,0,,,,,,,
"['Blaze', 'Iron Fist']",Playful Pokémon,0.9,Monferno,fire,fighting,22,4,0,,,,,,,
"['Blaze', 'Iron Fist']",Flame Pokémon,1.2,Infernape,fire,fighting,55,4,0,,,,,,,
"['Torrent', 'Defiant']",Penguin Pokémon,0.4,Piplup,water,,5.2,4,0,,,,,,,
"['Torrent', 'Defiant']",Penguin Pokémon,0.8,Prinplup,water,,23,4,0,,,,,,,
"['Torrent', 'Defiant']",Emperor Pokémon,1.7,Empoleon,water,steel,84.5,4,0,,,,,,,
"['Keen Eye', 'Reckless']",Starling Pokémon,0.3,Starly,normal,flying,2,4,0,,,,,,,
"['Intimidate', 'Reckless']",Starling Pokémon,0.6,Staravia,normal,flying,15.5,4,0,,,,,,,
"['Intimidate', 'Reckless']",Predator Pokémon,1.2,Staraptor,normal,flying,24.9,4,0,,,,,,,
"['Simple', 'Unaware', 'Moody']",Plump Mouse Pokémon,0.5,Bidoof,normal,,20,4,0,,,,,,,
"['Simple', 'Unaware', 'Moody']",Beaver Pokémon,1,Bibarel,normal,water,31.5,4,0,,,,,,,
"['Shed Skin', 'Run Away']",Cricket Pokémon,0.3,Kricketot,bug,,2.2,4,0,,,,,,,
"['Swarm', 'Technician']",Cricket Pokémon,1,Kricketune,bug,,25.5,4,0,,,,,,,
"['Rivalry', 'Intimidate', 'Guts']",Flash Pokémon,0.5,Shinx,electric,,9.5,4,0,,,,,,,
"['Rivalry', 'Intimidate', 'Guts']",Spark Pokémon,0.9,Luxio,electric,,30.5,4,0,,,,,,,
"['Rivalry', 'Intimidate', 'Guts']",Gleam Eyes Pokémon,1.4,Luxray,electric,,42,4,0,,,,,,,
"['Natural Cure', 'Poison Point', 'Leaf Guard']",Bud Pokémon,0.2,Budew,grass,poison,1.2,4,0,,,,,,,
"['Natural Cure', 'Poison Point', 'Technician']",Bouquet Pokémon,0.9,Roserade,grass,poison,14.5,4,0,,,,,,,
"['Mold Breaker', 'Sheer Force']",Head Butt Pokémon,0.9,Cranidos,rock,,31.5,4,0,,,,,,,
"['Mold Breaker', 'Sheer Force']",Head Butt Pokémon,1.6,Rampardos,rock,,102.5,4,0,,,,,,,
"['Sturdy', 'Soundproof']",Shield Pokémon,0.5,Shieldon,rock,steel,57,4,0,,,,,,,
"['Sturdy', 'Soundproof']",Shield Pokémon,1.3,Bastiodon,rock,steel,149.5,4,0,,,,,,,
"['Shed Skin', 'Overcoat']",Bagworm Pokémon,0.2,Burmy,bug,,3.4,4,0,,,,,,,
"['Anticipation', 'Overcoat']",Bagworm Pokémon,0.5,Wormadam,bug,grass,6.5,4,0,,,,,,,
"['Swarm', 'Tinted Lens']",Moth Pokémon,0.9,Mothim,bug,flying,23.3,4,0,,,,,,,
"['Honey Gather', 'Hustle']",Tiny Bee Pokémon,0.3,Combee,bug,flying,5.5,4,0,,,,,,,
"['Pressure', 'Unnerve']",Beehive Pokémon,1.2,Vespiquen,bug,flying,38.5,4,0,,,,,,,
"['Run Away', 'Pickup', 'Volt Absorb']",EleSquirrel Pokémon,0.4,Pachirisu,electric,,3.9,4,0,,,,,,,
"['Swift Swim', 'Water Veil']",Sea Weasel Pokémon,0.7,Buizel,water,,29.5,4,0,,,,,,,
"['Swift Swim', 'Water Veil']",Sea Weasel Pokémon,1.1,Floatzel,water,,33.5,4,0,,,,,,,
['Chlorophyll'],Cherry Pokémon,0.4,Cherubi,grass,,3.3,4,0,,,,,,,
['Flower Gift'],Blossom Pokémon,0.5,Cherrim,grass,,9.3,4,0,,,,,,,
"['Sticky Hold', 'Storm Drain', 'Sand Force']",Sea Slug Pokémon,0.3,Shellos,water,,6.3,4,0,,,,,,,
"['Sticky Hold', 'Storm Drain', 'Sand Force']",Sea Slug Pokémon,0.9,Gastrodon,water,ground,29.9,4,0,,,,,,,
"['Technician', 'Pickup', 'Skill Link']",Long Tail Pokémon,1.2,Ambipom,normal,,20.3,4,0,,,,,,,
"['Aftermath', 'Unburden', 'Flare Boost']",Balloon Pokémon,0.4,Drifloon,ghost,flying,1.2,4,0,,,,,,,
"['Aftermath', 'Unburden', 'Flare Boost']",Blimp Pokémon,1.2,Drifblim,ghost,flying,15,4,0,,,,,,,
"['Run Away', 'Klutz', 'Limber']",Rabbit Pokémon,0.4,Buneary,normal,,5.5,4,0,,,,,,,
"['Cute Charm', 'Klutz', 'Limber']",Rabbit Pokémon,1.2,Lopunny,normal,,33.3,4,0,,,,,,,
['Levitate'],Magical Pokémon,0.9,Mismagius,ghost,,4.4,4,0,,,,,,,
"['Insomnia', 'Super Luck', 'Moxie']",Big Boss Pokémon,0.9,Honchkrow,dark,flying,27.3,4,0,,,,,,,
"['Limber', 'Own Tempo', 'Keen Eye']",Catty Pokémon,0.5,Glameow,normal,,3.9,4,0,,,,,,,
"['Thick Fat', 'Own Tempo', 'Defiant']",Tiger Cat Pokémon,1,Purugly,normal,,43.8,4,0,,,,,,,
['Levitate'],Bell Pokémon,0.2,Chingling,psychic,,0.6,4,0,,,,,,,
"['Stench', 'Aftermath', 'Keen Eye']",Skunk Pokémon,0.4,Stunky,poison,dark,19.2,4,0,,,,,,,
"['Stench', 'Aftermath', 'Keen Eye']",Skunk Pokémon,1,Skuntank,poison,dark,38,4,0,,,,,,,
"['Levitate', 'Heatproof', 'Heavy Metal']",Bronze Pokémon,0.5,Bronzor,steel,psychic,60.5,4,0,,,,,,,
"['Levitate', 'Heatproof', 'Heavy Metal']",Bronze Bell Pokémon,1.3,Bronzong,steel,psychic,187,4,0,,,,,,,
"['Sturdy', 'Rock Head', 'Rattled']",Bonsai Pokémon,0.5,Bonsly,rock,,15,4,0,,,,,,,
"['Soundproof', 'Filter', 'Technician']",Mime Pokémon,0.6,Mime Jr.,psychic,fairy,13,4,0,,,,,,,
"['Natural Cure', 'Serene Grace', 'Friend Guard']",Playhouse Pokémon,0.6,Happiny,normal,,24.4,4,0,,,,,,,
"['Keen Eye', 'Tangled Feet', 'Big Pecks']",Music Note Pokémon,0.5,Chatot,normal,flying,1.9,4,0,,,,,,,
"['Pressure', 'Infiltrator']",Forbidden Pokémon,1,Spiritomb,ghost,dark,108,4,0,,,,,,,
"['Sand Veil', 'Rough Skin']",Land Shark Pokémon,0.7,Gible,dragon,ground,20.5,4,0,,,,,,,
"['Sand Veil', 'Rough Skin']",Cave Pokémon,1.4,Gabite,dragon,ground,56,4,0,,,,,,,
"['Sand Veil', 'Rough Skin']",Mach Pokémon,1.9,Garchomp,dragon,ground,95,4,0,,,,,,,
"['Pickup', 'Thick Fat', 'Gluttony']",Big Eater Pokémon,0.6,Munchlax,normal,,105,4,0,,,,,,,
"['Steadfast', 'Inner Focus', 'Prankster']",Emanation Pokémon,0.7,Riolu,fighting,,20.2,4,0,,,,,,,
"['Steadfast', 'Inner Focus', 'Justified']",Aura Pokémon,1.2,Lucario,fighting,steel,54,4,0,,,,,,,
"['Sand Stream', 'Sand Force']",Hippo Pokémon,0.8,Hippopotas,ground,,49.5,4,0,,,,,,,
"['Sand Stream', 'Sand Force']",Heavyweight Pokémon,2,Hippowdon,ground,,300,4,0,,,,,,,
"['Battle Armor', 'Sniper', 'Keen Eye']",Scorpion Pokémon,0.8,Skorupi,poison,bug,12,4,0,,,,,,,
"['Battle Armor', 'Sniper', 'Keen Eye']",Ogre Scorp Pokémon,1.3,Drapion,poison,dark,61.5,4,0,,,,,,,
"['Anticipation', 'Dry Skin', 'Poison Touch']",Toxic Mouth Pokémon,0.7,Croagunk,poison,fighting,23,4,0,,,,,,,
"['Anticipation', 'Dry Skin', 'Poison Touch']",Toxic Mouth Pokémon,1.3,Toxicroak,poison,fighting,44.4,4,0,,,,,,,
['Levitate'],Bug Catcher Pokémon,1.4,Carnivine,grass,,27,4,0,,,,,,,
"['Swift Swim', 'Storm Drain', 'Water Veil']",Wing Fish Pokémon,0.4,Finneon,water,,7,4,0,,,,,,,
"['Swift Swim', 'Storm Drain', 'Water Veil']",Neon Pokémon,1.2,Lumineon,water,,24,4,0,,,,,,,
"['Swift Swim', 'Water Absorb', 'Water Veil']",Kite Pokémon,1,Mantyke,water,flying,65,4,0,,,,,,,
"['Snow Warning', 'Soundproof']",Frosted Tree Pokémon,1,Snover,grass,ice,50.5,4,0,,,,,,,
"['Snow Warning', 'Soundproof']",Frosted Tree Pokémon,2.2,Abomasnow,grass,ice,135.5,4,0,,,,,,,
"['Pressure', 'Pickpocket']",Sharp Claw Pokémon,1.1,Weavile,dark,ice,34,4,0,,,,,,,
"['Magnet Pull', 'Sturdy', 'Analytic']",Magnet Area Pokémon,1.2,Magnezone,electric,steel,180,4,0,,,,,,,
"['Own Tempo', 'Oblivious', 'Cloud Nine']",Licking Pokémon,1.7,Lickilicky,normal,,140,4,0,,,,,,,
"['Lightningrod', 'Solid Rock', 'Reckless']",Drill Pokémon,2.4,Rhyperior,ground,rock,282.8,4,0,,,,,,,
"['Chlorophyll', 'Leaf Guard', 'Regenerator']",Vine Pokémon,2,Tangrowth,grass,,128.6,4,0,,,,,,,
"['Motor Drive', 'Vital Spirit']",Thunderbolt Pokémon,1.8,Electivire,electric,,138.6,4,0,,,,,,,
"['Flame Body', 'Vital Spirit']",Blast Pokémon,1.6,Magmortar,fire,,68,4,0,,,,,,,
"['Hustle', 'Serene Grace', 'Super Luck']",Jubilee Pokémon,1.5,Togekiss,fairy,flying,38,4,0,,,,,,,
"['Speed Boost', 'Tinted Lens', 'Frisk']",Ogre Darner Pokémon,1.9,Yanmega,bug,flying,51.5,4,0,,,,,,,
"['Leaf Guard', 'Chlorophyll']",Verdant Pokémon,1,Leafeon,grass,,25.5,4,0,,,,,,,
"['Snow Cloak', 'Ice Body']",Fresh Snow Pokémon,0.8,Glaceon,ice,,25.9,4,0,,,,,,,
"['Hyper Cutter', 'Sand Veil', 'Poison Heal']",Fang Scorp Pokémon,2,Gliscor,ground,flying,42.5,4,0,,,,,,,
"['Oblivious', 'Snow Cloak', 'Thick Fat']",Twin Tusk Pokémon,2.5,Mamoswine,ice,ground,291,4,0,,,,,,,
"['Adaptability', 'Download', 'Analytic']",Virtual Pokémon,0.9,Porygon-Z,normal,,34,4,0,,,,,,,
"['Steadfast', 'Justified']",Blade Pokémon,1.6,Gallade,psychic,fighting,52,4,0,,,,,,,
"['Sturdy', 'Magnet Pull', 'Sand Force']",Compass Pokémon,1.4,Probopass,rock,steel,340,4,0,,,,,,,
"['Pressure', 'Frisk']",Gripper Pokémon,2.2,Dusknoir,ghost,,106.6,4,0,,,,,,,
"['Snow Cloak', 'Cursed Body']",Snow Land Pokémon,1.3,Froslass,ice,ghost,26.6,4,0,,,,,,,
['Levitate'],Plasma Pokémon,0.3,Rotom,electric,ghost,0.3,4,0,,,,,,,
['Levitate'],Knowledge Pokémon,0.3,Uxie,psychic,,0.3,4,1,,,,,,,
['Levitate'],Emotion Pokémon,0.3,Mesprit,psychic,,0.3,4,1,,,,,,,
['Levitate'],Willpower Pokémon,0.3,Azelf,psychic,,0.3,4,1,,,,,,,
"['Pressure', 'Telepathy']",Temporal Pokémon,5.4,Dialga,steel,dragon,683,4,1,,,,,,,
"['Pressure', 'Telepathy']",Spatial Pokémon,4.2,Palkia,water,dragon,336,4,1,,,,,,,
"['Flash Fire', 'Flame Body']",Lava Dome Pokémon,1.7,Heatran,fire,steel,430,4,1,,,,,,,
['Slow Start'],Colossal Pokémon,3.7,Regigigas,normal,,420,4,1,,,,,,,
"['Pressure', 'Telepathy', 'Levitate']",Renegade Pokémon,4.5,Giratina,ghost,dragon,750,4,1,,,,,,,
['Levitate'],Lunar Pokémon,1.5,Cresselia,psychic,,85.6,4,1,,,,,,,
['Hydration'],Sea Drifter Pokémon,0.4,Phione,water,,3.1,4,0,,,,,,,
['Hydration'],Seafaring Pokémon,0.3,Manaphy,water,,1.4,4,1,,,,,,,
['Bad Dreams'],Pitch-Black Pokémon,1.5,Darkrai,dark,,50.5,4,1,,,,,,,
"['Natural Cure', 'Serene Grace']",Gratitude Pokémon,0.2,Shaymin,grass,grass,2.1,4,1,,,,,,,
['Multitype'],Alpha Pokémon,3.2,Arceus,normal,,320,4,1,,,,,,,
['Victory Star'],Victory Pokémon,0.4,Victini,psychic,fire,4,5,1,,,,,,,
"['Overgrow', 'Contrary']",Grass Snake Pokémon,0.6,Snivy,grass,,8.1,5,0,,,,,,,
"['Overgrow', 'Contrary']",Grass Snake Pokémon,0.8,Servine,grass,,16,5,0,,,,,,,
"['Overgrow', 'Contrary']",Regal Pokémon,3.3,Serperior,grass,,63,5,0,,,,,,,
"['Blaze', 'Thick Fat']",Fire Pig Pokémon,0.5,Tepig,fire,,9.9,5,0,,,,,,,
"['Blaze', 'Thick Fat']",Fire Pig Pokémon,1,Pignite,fire,fighting,55.5,5,0,,,,,,,
"['Blaze', 'Reckless']",Mega Fire Pig Pokémon,1.6,Emboar,fire,fighting,150,5,0,,,,,,,
"['Torrent', 'Shell Armor']",Sea Otter Pokémon,0.5,Oshawott,water,,5.9,5,0,,,,,,,
"['Torrent', 'Shell Armor']",Discipline Pokémon,0.8,Dewott,water,,24.5,5,0,,,,,,,
"['Torrent', 'Shell Armor']",Formidable Pokémon,1.5,Samurott,water,,94.6,5,0,,,,,,,
"['Run Away', 'Keen Eye', 'Analytic']",Scout Pokémon,0.5,Patrat,normal,,11.6,5,0,,,,,,,
"['Illuminate', 'Keen Eye', 'Analytic']",Lookout Pokémon,1.1,Watchog,normal,,27,5,0,,,,,,,
"['Vital Spirit', 'Pickup', 'Run Away']",Puppy Pokémon,0.4,Lillipup,normal,,4.1,5,0,,,,,,,
"['Intimidate', 'Sand Rush', 'Scrappy']",Loyal Dog Pokémon,0.9,Herdier,normal,,14.7,5,0,,,,,,,
"['Intimidate', 'Sand Rush', 'Scrappy']",Big-Hearted Pokémon,1.2,Stoutland,normal,,61,5,0,,,,,,,
"['Limber', 'Unburden', 'Prankster']",Devious Pokémon,0.4,Purrloin,dark,,10.1,5,0,,,,,,,
"['Limber', 'Unburden', 'Prankster']",Cruel Pokémon,1.1,Liepard,dark,,37.5,5,0,,,,,,,
"['Gluttony', 'Overgrow']",Grass Monkey Pokémon,0.6,Pansage,grass,,10.5,5,0,,,,,,,
"['Gluttony', 'Overgrow']",Thorn Monkey Pokémon,1.1,Simisage,grass,,30.5,5,0,,,,,,,
"['Gluttony', 'Blaze']",High Temp Pokémon,0.6,Pansear,fire,,11,5,0,,,,,,,
"['Gluttony', 'Blaze']",Ember Pokémon,1,Simisear,fire,,28,5,0,,,,,,,
"['Gluttony', 'Torrent']",Spray Pokémon,0.6,Panpour,water,,13.5,5,0,,,,,,,
"['Gluttony', 'Torrent']",Geyser Pokémon,1,Simipour,water,,29,5,0,,,,,,,
"['Forewarn', 'Synchronize', 'Telepathy']",Dream Eater Pokémon,0.6,Munna,psychic,,23.3,5,0,,,,,,,
"['Forewarn', 'Synchronize', 'Telepathy']",Drowsing Pokémon,1.1,Musharna,psychic,,60.5,5,0,,,,,,,
"['Big Pecks', 'Super Luck', 'Rivalry']",Tiny Pigeon Pokémon,0.3,Pidove,normal,flying,2.1,5,0,,,,,,,
"['Big Pecks', 'Super Luck', 'Rivalry']",Wild Pigeon Pokémon,0.6,Tranquill,normal,flying,15,5,0,,,,,,,
"['Big Pecks', 'Super Luck', 'Rivalry']",Proud Pokémon,1.2,Unfezant,normal,flying,29,5,0,,,,,,,
"['Lightningrod', 'Motor Drive', 'Sap Sipper']",Electrified Pokémon,0.8,Blitzle,electric,,29.8,5,0,,,,,,,
"['Lightningrod', 'Motor Drive', 'Sap Sipper']",Thunderbolt Pokémon,1.6,Zebstrika,electric,,79.5,5,0,,,,,,,
"['Sturdy', 'Weak Armor', 'Sand Force']",Mantle Pokémon,0.4,Roggenrola,rock,,18,5,0,,,,,,,
"['Sturdy', 'Weak Armor', 'Sand Force']",Ore Pokémon,0.9,Boldore,rock,,102,5,0,,,,,,,
"['Sturdy', 'Sand Stream', 'Sand Force']",Compressed Pokémon,1.7,Gigalith,rock,,260,5,0,,,,,,,
"['Unaware', 'Klutz', 'Simple']",Bat Pokémon,0.4,Woobat,psychic,flying,2.1,5,0,,,,,,,
"['Unaware', 'Klutz', 'Simple']",Courting Pokémon,0.9,Swoobat,psychic,flying,10.5,5,0,,,,,,,
"['Sand Rush', 'Sand Force', 'Mold Breaker']",Mole Pokémon,0.3,Drilbur,ground,,8.5,5,0,,,,,,,
"['Sand Rush', 'Sand Force', 'Mold Breaker']",Subterrene Pokémon,0.7,Excadrill,ground,steel,40.4,5,0,,,,,,,
"['Healer', 'Regenerator', 'Klutz']",Hearing Pokémon,1.1,Audino,normal,,31,5,0,,,,,,,
"['Guts', 'Sheer Force', 'Iron Fist']",Muscular Pokémon,0.6,Timburr,fighting,,12.5,5,0,,,,,,,
"['Guts', 'Sheer Force', 'Iron Fist']",Muscular Pokémon,1.2,Gurdurr,fighting,,40,5,0,,,,,,,
"['Guts', 'Sheer Force', 'Iron Fist']",Muscular Pokémon,1.4,Conkeldurr,fighting,,87,5,0,,,,,,,
"['Swift Swim', 'Hydration', 'Water Absorb']",Tadpole Pokémon,0.5,Tympole,water,,4.5,5,0,,,,,,,
"['Swift Swim', 'Hydration', 'Water Absorb']",Vibration Pokémon,0.8,Palpitoad,water,ground,17,5,0,,,,,,,
"['Swift Swim', 'Poison Touch', 'Water Absorb']",Vibration Pokémon,1.5,Seismitoad,water,ground,62,5,0,,,,,,,
"['Guts', 'Inner Focus', 'Mold Breaker']",Judo Pokémon,1.3,Throh,fighting,,55.5,5,0,,,,,,,
"['Sturdy', 'Inner Focus', 'Mold Breaker']",Karate Pokémon,1.4,Sawk,fighting,,51,5,0,,,,,,,
"['Swarm', 'Chlorophyll', 'Overcoat']",Sewing Pokémon,0.3,Sewaddle,bug,grass,2.5,5,0,,,,,,,
"['Leaf Guard', 'Chlorophyll', 'Overcoat']",Leaf-Wrapped Pokémon,0.5,Swadloon,bug,grass,7.3,5,0,,,,,,,
"['Swarm', 'Chlorophyll', 'Overcoat']",Nurturing Pokémon,1.2,Leavanny,bug,grass,20.5,5,0,,,,,,,
"['Poison Point', 'Swarm', 'Speed Boost']",Centipede Pokémon,0.4,Venipede,bug,poison,5.3,5,0,,,,,,,
"['Poison Point', 'Swarm', 'Speed Boost']",Curlipede Pokémon,1.2,Whirlipede,bug,poison,58.5,5,0,,,,,,,
"['Poison Point', 'Swarm', 'Speed Boost']",Megapede Pokémon,2.5,Scolipede,bug,poison,200.5,5,0,,,,,,,
"['Prankster', 'Infiltrator', 'Chlorophyll']",Cotton Puff Pokémon,0.3,Cottonee,grass,fairy,0.6,5,0,,,,,,,
"['Prankster', 'Infiltrator', 'Chlorophyll']",Windveiled Pokémon,0.7,Whimsicott,grass,fairy,6.6,5,0,,,,,,,
"['Chlorophyll', 'Own Tempo', 'Leaf Guard']",Bulb Pokémon,0.5,Petilil,grass,,6.6,5,0,,,,,,,
"['Chlorophyll', 'Own Tempo', 'Leaf Guard']",Flowering Pokémon,1.1,Lilligant,grass,,16.3,5,0,,,,,,,
"['Reckless', 'Rock Head', 'Adaptability', 'Mold Breaker']",Hostile Pokémon,1,Basculin,water,,18,5,0,,,,,,,
"['Intimidate', 'Moxie', 'Anger Point']",Desert Croc Pokémon,0.7,Sandile,ground,dark,15.2,5,0,,,,,,,
"['Intimidate', 'Moxie', 'Anger Point']",Desert Croc Pokémon,1,Krokorok,ground,dark,33.4,5,0,,,,,,,
"['Intimidate', 'Moxie', 'Anger Point']",Intimidation Pokémon,1.5,Krookodile,ground,dark,96.3,5,0,,,,,,,
"['Hustle', 'Inner Focus']",Zen Charm Pokémon,0.6,Darumaka,fire,,37.5,5,0,,,,,,,
"['Sheer Force', 'Zen Mode']",Blazing Pokémon,1.3,Darmanitan,fire,fire,92.9,5,0,,,,,,,
"['Water Absorb', 'Chlorophyll', 'Storm Drain']",Cactus Pokémon,1,Maractus,grass,,28,5,0,,,,,,,
"['Sturdy', 'Shell Armor', 'Weak Armor']",Rock Inn Pokémon,0.3,Dwebble,bug,rock,14.5,5,0,,,,,,,
"['Sturdy', 'Shell Armor', 'Weak Armor']",Stone Home Pokémon,1.4,Crustle,bug,rock,200,5,0,,,,,,,
"['Shed Skin', 'Moxie', 'Intimidate']",Shedding Pokémon,0.6,Scraggy,dark,fighting,11.8,5,0,,,,,,,
"['Shed Skin', 'Moxie', 'Intimidate']",Hoodlum Pokémon,1.1,Scrafty,dark,fighting,30,5,0,,,,,,,
"['Wonder Skin ', 'Magic Guard', 'Tinted Lens']",Avianoid Pokémon,1.4,Sigilyph,psychic,flying,14,5,0,,,,,,,
['Mummy'],Spirit Pokémon,0.5,Yamask,ghost,,1.5,5,0,,,,,,,
['Mummy'],Coffin Pokémon,1.7,Cofagrigus,ghost,,76.5,5,0,,,,,,,
"['Solid Rock', 'Sturdy', 'Swift Swim']",Prototurtle Pokémon,0.7,Tirtouga,water,rock,16.5,5,0,,,,,,,
"['Solid Rock', 'Sturdy', 'Swift Swim']",Prototurtle Pokémon,1.2,Carracosta,water,rock,81,5,0,,,,,,,
['Defeatist'],First Bird Pokémon,0.5,Archen,rock,flying,9.5,5,0,,,,,,,
['Defeatist'],First Bird Pokémon,1.4,Archeops,rock,flying,32,5,0,,,,,,,
"['Stench', 'Sticky Hold', 'Aftermath']",Trash Bag Pokémon,0.6,Trubbish,poison,,31,5,0,,,,,,,
"['Stench', 'Weak Armor', 'Aftermath']",Trash Heap Pokémon,1.9,Garbodor,poison,,107.3,5,0,,,,,,,
['Illusion'],Tricky Fox Pokémon,0.7,Zorua,dark,,12.5,5,0,,,,,,,
['Illusion'],Illusion Fox Pokémon,1.6,Zoroark,dark,,81.1,5,0,,,,,,,
"['Cute Charm', 'Technician', 'Skill Link']",Chinchilla Pokémon,0.4,Minccino,normal,,5.8,5,0,,,,,,,
"['Cute Charm', 'Technician', 'Skill Link']",Scarf Pokémon,0.5,Cinccino,normal,,7.5,5,0,,,,,,,
"['Frisk', 'Competitive', 'Shadow Tag']",Fixation Pokémon,0.4,Gothita,psychic,,5.8,5,0,,,,,,,
"['Frisk', 'Competitive', 'Shadow Tag']",Manipulate Pokémon,0.7,Gothorita,psychic,,18,5,0,,,,,,,
"['Frisk', 'Competitive', 'Shadow Tag']",Astral Body Pokémon,1.5,Gothitelle,psychic,,44,5,0,,,,,,,
"['Overcoat', 'Magic Guard', 'Regenerator']",Cell Pokémon,0.3,Solosis,psychic,,1,5,0,,,,,,,
"['Overcoat', 'Magic Guard', 'Regenerator']",Mitosis Pokémon,0.6,Duosion,psychic,,8,5,0,,,,,,,
"['Overcoat', 'Magic Guard', 'Regenerator']",Multiplying Pokémon,1,Reuniclus,psychic,,20.1,5,0,,,,,,,
"['Keen Eye', 'Big Pecks', 'Hydration']",Water Bird Pokémon,0.5,Ducklett,water,flying,5.5,5,0,,,,,,,
"['Keen Eye', 'Big Pecks', 'Hydration']",White Bird Pokémon,1.3,Swanna,water,flying,24.2,5,0,,,,,,,
"['Ice Body', 'Snow Cloak', 'Weak Armor']",Fresh Snow Pokémon,0.4,Vanillite,ice,,5.7,5,0,,,,,,,
"['Ice Body', 'Snow Cloak', 'Weak Armor']",Icy Snow Pokémon,1.1,Vanillish,ice,,41,5,0,,,,,,,
"['Ice Body', 'Snow Warning', 'Weak Armor']",Snowstorm Pokémon,1.3,Vanilluxe,ice,,57.5,5,0,,,,,,,
"['Chlorophyll', 'Sap Sipper', 'Serene Grace']",Season Pokémon,0.6,Deerling,normal,grass,19.5,5,0,,,,,,,
"['Chlorophyll', 'Sap Sipper', 'Serene Grace']",Season Pokémon,1.9,Sawsbuck,normal,grass,92.5,5,0,,,,,,,
"['Static', 'Motor Drive']",Sky Squirrel Pokémon,0.4,Emolga,electric,flying,5,5,0,,,,,,,
"['Swarm', 'Shed Skin', 'No Guard']",Clamping Pokémon,0.5,Karrablast,bug,,5.9,5,0,,,,,,,
"['Swarm', 'Shell Armor', 'Overcoat']",Cavalry Pokémon,1,Escavalier,bug,steel,33,5,0,,,,,,,
"['Effect Spore', 'Regenerator']",Mushroom Pokémon,0.2,Foongus,grass,poison,1,5,0,,,,,,,
"['Effect Spore', 'Regenerator']",Mushroom Pokémon,0.6,Amoonguss,grass,poison,10.5,5,0,,,,,,,
"['Water Absorb', 'Cursed Body', 'Damp']",Floating Pokémon,1.2,Frillish,water,ghost,33,5,0,,,,,,,
"['Water Absorb', 'Cursed Body', 'Damp']",Floating Pokémon,2.2,Jellicent,water,ghost,135,5,0,,,,,,,
"['Healer', 'Hydration', 'Regenerator']",Caring Pokémon,1.2,Alomomola,water,,31.6,5,0,,,,,,,
"['Compoundeyes', 'Unnerve', 'Swarm']",Attaching Pokémon,0.1,Joltik,bug,electric,0.6,5,0,,,,,,,
"['Compoundeyes', 'Unnerve', 'Swarm']",EleSpider Pokémon,0.8,Galvantula,bug,electric,14.3,5,0,,,,,,,
['Iron Barbs'],Thorn Seed Pokémon,0.6,Ferroseed,grass,steel,18.8,5,0,,,,,,,
"['Iron Barbs', 'Anticipation']",Thorn Pod Pokémon,1,Ferrothorn,grass,steel,110,5,0,,,,,,,
"['Plus', 'Minus', 'Clear Body']",Gear Pokémon,0.3,Klink,steel,,21,5,0,,,,,,,
"['Plus', 'Minus', 'Clear Body']",Gear Pokémon,0.6,Klang,steel,,51,5,0,,,,,,,
"['Plus', 'Minus', 'Clear Body']",Gear Pokémon,0.6,Klinklang,steel,,81,5,0,,,,,,,
['Levitate'],EleFish Pokémon,0.2,Tynamo,electric,,0.3,5,0,,,,,,,
['Levitate'],EleFish Pokémon,1.2,Eelektrik,electric,,22,5,0,,,,,,,
['Levitate'],EleFish Pokémon,2.1,Eelektross,electric,,80.5,5,0,,,,,,,
"['Telepathy', 'Synchronize', 'Analytic']",Cerebral Pokémon,0.5,Elgyem,psychic,,9,5,0,,,,,,,
"['Telepathy', 'Synchronize', 'Analytic']",Cerebral Pokémon,1,Beheeyem,psychic,,34.5,5,0,,,,,,,
"['Flash Fire', 'Flame Body', 'Infiltrator']",Candle Pokémon,0.3,Litwick,ghost,fire,3.1,5,0,,,,,,,
"['Flash Fire', 'Flame Body', 'Infiltrator']",Lamp Pokémon,0.6,Lampent,ghost,fire,13,5,0,,,,,,,
"['Flash Fire', 'Flame Body', 'Infiltrator']",Luring Pokémon,1,Chandelure,ghost,fire,34.3,5,0,,,,,,,
"['Rivalry', 'Mold Breaker', 'Unnerve']",Tusk Pokémon,0.6,Axew,dragon,,18,5,0,,,,,,,
"['Rivalry', 'Mold Breaker', 'Unnerve']",Axe Jaw Pokémon,1,Fraxure,dragon,,36,5,0,,,,,,,
"['Rivalry', 'Mold Breaker', 'Unnerve']",Axe Jaw Pokémon,1.8,Haxorus,dragon,,105.5,5,0,,,,,,,
"['Snow Cloak', 'Slush Rush', 'Rattled']",Chill Pokémon,0.5,Cubchoo,ice,,8.5,5,0,,,,,,,
"['Snow Cloak', 'Slush Rush', 'Swift Swim']",Freezing Pokémon,2.6,Beartic,ice,,260,5,0,,,,,,,
['Levitate'],Crystallizing Pokémon,1.1,Cryogonal,ice,,148,5,0,,,,,,,
"['Hydration', 'Shell Armor', 'Overcoat']",Snail Pokémon,0.4,Shelmet,bug,,7.7,5,0,,,,,,,
"['Hydration', 'Sticky Hold', 'Unburden']",Shell Out Pokémon,0.8,Accelgor,bug,,25.3,5,0,,,,,,,
"['Static', 'Limber', 'Sand Veil']",Trap Pokémon,0.7,Stunfisk,ground,electric,11,5,0,,,,,,,
"['Inner Focus', 'Regenerator', 'Reckless']",Martial Arts Pokémon,0.9,Mienfoo,fighting,,20,5,0,,,,,,,
"['Inner Focus', 'Regenerator', 'Reckless']",Martial Arts Pokémon,1.4,Mienshao,fighting,,35.5,5,0,,,,,,,
"['Rough Skin', 'Sheer Force', 'Mold Breaker']",Cave Pokémon,1.6,Druddigon,dragon,,139,5,0,,,,,,,
"['Iron Fist', 'Klutz', 'No Guard']",Automaton Pokémon,1,Golett,ground,ghost,92,5,0,,,,,,,
"['Iron Fist', 'Klutz', 'No Guard']",Automaton Pokémon,2.8,Golurk,ground,ghost,330,5,0,,,,,,,
"['Defiant', 'Inner Focus', 'Pressure']",Sharp Blade Pokémon,0.5,Pawniard,dark,steel,10.2,5,0,,,,,,,
"['Defiant', 'Inner Focus', 'Pressure']",Sword Blade Pokémon,1.6,Bisharp,dark,steel,70,5,0,,,,,,,
"['Reckless', 'Sap Sipper', 'Soundproof']",Bash Buffalo Pokémon,1.6,Bouffalant,normal,,94.6,5,0,,,,,,,
"['Keen Eye', 'Sheer Force', 'Hustle']",Eaglet Pokémon,0.5,Rufflet,normal,flying,10.5,5,0,,,,,,,
"['Keen Eye', 'Sheer Force', 'Defiant']",Valiant Pokémon,1.5,Braviary,normal,flying,41,5,0,,,,,,,
"['Big Pecks', 'Overcoat', 'Weak Armor']",Diapered Pokémon,0.5,Vullaby,dark,flying,9,5,0,,,,,,,
"['Big Pecks', 'Overcoat', 'Weak Armor']",Bone Vulture Pokémon,1.2,Mandibuzz,dark,flying,39.5,5,0,,,,,,,
"['Gluttony', 'Flash Fire', 'White Smoke']",Anteater Pokémon,1.4,Heatmor,fire,,58,5,0,,,,,,,
"['Swarm', 'Hustle', 'Truant']",Iron Ant Pokémon,0.3,Durant,bug,steel,33,5,0,,,,,,,
['Hustle'],Irate Pokémon,0.8,Deino,dark,dragon,17.3,5,0,,,,,,,
['Hustle'],Hostile Pokémon,1.4,Zweilous,dark,dragon,50,5,0,,,,,,,
['Levitate'],Brutal Pokémon,1.8,Hydreigon,dark,dragon,160,5,0,,,,,,,
"['Flame Body', 'Swarm']",Torch Pokémon,1.1,Larvesta,bug,fire,28.8,5,0,,,,,,,
"['Flame Body', 'Swarm']",Sun Pokémon,1.6,Volcarona,bug,fire,46,5,0,,,,,,,
['Justified'],Iron Will Pokémon,2.1,Cobalion,steel,fighting,250,5,1,,,,,,,
['Justified'],Cavern Pokémon,1.9,Terrakion,rock,fighting,260,5,1,,,,,,,
['Justified'],Grassland Pokémon,2,Virizion,grass,fighting,200,5,1,,,,,,,
"['Prankster', 'Defiant', 'Regenerator']",Cyclone Pokémon,1.5,Tornadus,flying,,63,5,1,,,,,,,
"['Prankster', 'Defiant', 'Volt Absorb']",Bolt Strike Pokémon,1.5,Thundurus,electric,flying,61,5,1,,,,,,,
['Turboblaze'],Vast White Pokémon,3.2,Reshiram,dragon,fire,330,5,1,,,,,,,
['Teravolt'],Deep Black Pokémon,2.9,Zekrom,dragon,electric,345,5,1,,,,,,,
"['Sand Force', 'Sheer Force', 'Intimidate']",Abundance Pokémon,1.5,Landorus,ground,flying,68,5,1,,,,,,,
"['Pressure', 'Teravolt', 'Turboblaze']",Boundary Pokémon,3,Kyurem,dragon,ice,325,5,1,,,,,,,
['Justified'],Colt Pokémon,1.4,Keldeo,water,fighting,48.5,5,1,,,,,,,
['Serene Grace'],Melody Pokémon,0.6,Meloetta,normal,psychic,6.5,5,1,,,,,,,
['Download'],Paleozoic Pokémon,1.5,Genesect,bug,steel,82.5,5,1,,,,,,,
"['Overgrow', 'Bulletproof']",Spiky Nut Pokémon,0.4,Chespin,grass,,9,6,0,,,,,,,
"['Overgrow', 'Bulletproof']",Spiny Armor Pokémon,0.7,Quilladin,grass,,29,6,0,,,,,,,
"['Overgrow', 'Bulletproof']",Spiny Armor Pokémon,1.6,Chesnaught,grass,fighting,90,6,0,,,,,,,
"['Blaze', 'Magician']",Fox Pokémon,0.4,Fennekin,fire,,9.4,6,0,,,,,,,
"['Blaze', 'Magician']",Fox Pokémon,1,Braixen,fire,,14.5,6,0,,,,,,,
"['Blaze', 'Magician']",Fox Pokémon,1.5,Delphox,fire,psychic,39,6,0,,,,,,,
"['Torrent', 'Protean']",Bubble Frog Pokémon,0.3,Froakie,water,,7,6,0,,,,,,,
"['Torrent', 'Protean']",Bubble Frog Pokémon,0.6,Frogadier,water,,10.9,6,0,,,,,,,
"['Torrent', 'Protean', 'Battle Bond']",Ninja Pokémon,1.5,Greninja,water,dark,40,6,0,,,,,,,
"['Pickup', 'Cheek Pouch', 'Huge Power']",Digging Pokémon,0.4,Bunnelby,normal,,5,6,0,,,,,,,
"['Pickup', 'Cheek Pouch', 'Huge Power']",Digging Pokémon,1,Diggersby,normal,ground,42.4,6,0,,,,,,,
"['Big Pecks', 'Gale Wings']",Tiny Robin Pokémon,0.3,Fletchling,normal,flying,1.7,6,0,,,,,,,
"['Flame Body', 'Gale Wings']",Ember Pokémon,0.7,Fletchinder,fire,flying,16,6,0,,,,,,,
"['Flame Body', 'Gale Wings']",Scorching Pokémon,1.2,Talonflame,fire,flying,24.5,6,0,,,,,,,
"['Shield Dust', 'Compoundeyes', 'Friend Guard']",Scatterdust Pokémon,0.3,Scatterbug,bug,,2.5,6,0,,,,,,,
"['Shed Skin', 'Friend Guard']",Scatterdust Pokémon,0.3,Spewpa,bug,,8.4,6,0,,,,,,,
"['Shield Dust', 'Compoundeyes', 'Friend Guard']",Scale Pokémon,1.2,Vivillon,bug,flying,17,6,0,,,,,,,
"['Rivalry', 'Unnerve', 'Moxie']",Lion Cub Pokémon,0.6,Litleo,fire,normal,13.5,6,0,,,,,,,
"['Rivalry', 'Unnerve', 'Moxie']",Royal Pokémon,1.5,Pyroar,fire,normal,81.5,6,0,,,,,,,
"['Flower Veil', 'Symbiosis']",Single Bloom Pokémon,0.1,Flabébé,fairy,,0.1,6,0,,,,,,,
"['Flower Veil', 'Symbiosis']",Fairy Pokémon,0.2,Floette,fairy,,0.9,6,0,,,,,,,
"['Flower Veil', 'Symbiosis']",Garden Pokémon,1.1,Florges,fairy,,10,6,0,,,,,,,
"['Sap Sipper', 'Grass Pelt']",Mount Pokémon,0.9,Skiddo,grass,,31,6,0,,,,,,,
"['Sap Sipper', 'Grass Pelt']",Mount Pokémon,1.7,Gogoat,grass,,91,6,0,,,,,,,
"['Iron Fist', 'Mold Breaker', 'Scrappy']",Playful Pokémon,0.6,Pancham,fighting,,8,6,0,,,,,,,
"['Iron Fist', 'Mold Breaker', 'Scrappy']",Daunting Pokémon,2.1,Pangoro,fighting,dark,136,6,0,,,,,,,
['Fur Coat'],Poodle Pokémon,1.2,Furfrou,normal,,28,6,0,,,,,,,
"['Keen Eye', 'Infiltrator', 'Own Tempo']",Restraint Pokémon,0.3,Espurr,psychic,,3.5,6,0,,,,,,,
"['Keen Eye', 'Infiltrator', 'Prankster', 'Competitive']",Constraint Pokémon,0.6,Meowstic,psychic,,8.5,6,0,,,,,,,
['No Guard'],Sword Pokémon,0.8,Honedge,steel,ghost,2,6,0,,,,,,,
['No Guard'],Sword Pokémon,0.8,Doublade,steel,ghost,4.5,6,0,,,,,,,
['Stance Change'],Royal Sword Pokémon,1.7,Aegislash,steel,ghost,53,6,0,,,,,,,
"['Healer', 'Aroma Veil']",Perfume Pokémon,0.2,Spritzee,fairy,,0.5,6,0,,,,,,,
"['Healer', 'Aroma Veil']",Fragrance Pokémon,0.8,Aromatisse,fairy,,15.5,6,0,,,,,,,
"['Sweet Veil', 'Unburden']",Cotton Candy Pokémon,0.4,Swirlix,fairy,,3.5,6,0,,,,,,,
"['Sweet Veil', 'Unburden']",Meringue Pokémon,0.8,Slurpuff,fairy,,5,6,0,,,,,,,
"['Contrary', 'Suction Cups', 'Infiltrator']",Revolving Pokémon,0.4,Inkay,dark,psychic,3.5,6,0,,,,,,,
"['Contrary', 'Suction Cups', 'Infiltrator']",Overturning Pokémon,1.5,Malamar,dark,psychic,47,6,0,,,,,,,
"['Tough Claws', 'Sniper', 'Pickpocket']",Two-Handed Pokémon,0.5,Binacle,rock,water,31,6,0,,,,,,,
"['Tough Claws', 'Sniper', 'Pickpocket']",Collective Pokémon,1.3,Barbaracle,rock,water,96,6,0,,,,,,,
"['Poison Point', 'Poison Touch', 'Adaptability']",Mock Kelp Pokémon,0.5,Skrelp,poison,water,7.3,6,0,,,,,,,
"['Poison Point', 'Poison Touch', 'Adaptability']",Mock Kelp Pokémon,1.8,Dragalge,poison,dragon,81.5,6,0,,,,,,,
['Mega Launcher'],Water Gun Pokémon,0.5,Clauncher,water,,8.3,6,0,,,,,,,
['Mega Launcher'],Howitzer Pokémon,1.3,Clawitzer,water,,35.3,6,0,,,,,,,
"['Dry Skin', 'Sand Veil', 'Solar Power']",Generator Pokémon,0.5,Helioptile,electric,normal,6,6,0,,,,,,,
"['Dry Skin', 'Sand Veil', 'Solar Power']",Generator Pokémon,1,Heliolisk,electric,normal,21,6,0,,,,,,,
"['Strong Jaw', 'Sturdy']",Royal Heir Pokémon,0.8,Tyrunt,rock,dragon,26,6,0,,,,,,,
"['Strong Jaw', 'Rock Head']",Despot Pokémon,2.5,Tyrantrum,rock,dragon,270,6,0,,,,,,,
"['Refrigerate', 'Snow Warning']",Tundra Pokémon,1.3,Amaura,rock,ice,25.2,6,0,,,,,,,
"['Refrigerate', 'Snow Warning']",Tundra Pokémon,2.7,Aurorus,rock,ice,225,6,0,,,,,,,
"['Cute Charm', 'Pixilate']",Intertwining Pokémon,1,Sylveon,fairy,,23.5,6,0,,,,,,,
"['Limber', 'Unburden', 'Mold Breaker']",Wrestling Pokémon,0.8,Hawlucha,fighting,flying,21.5,6,0,,,,,,,
"['Cheek Pouch', 'Pickup', 'Plus']",Antenna Pokémon,0.2,Dedenne,electric,fairy,2.2,6,0,,,,,,,
"['Clear Body', 'Sturdy']",Jewel Pokémon,0.3,Carbink,rock,fairy,5.7,6,0,,,,,,,
"['Sap Sipper', 'Hydration', 'Gooey']",Soft Tissue Pokémon,0.3,Goomy,dragon,,2.8,6,0,,,,,,,
"['Sap Sipper', 'Hydration', 'Gooey']",Soft Tissue Pokémon,0.8,Sliggoo,dragon,,17.5,6,0,,,,,,,
"['Sap Sipper', 'Hydration', 'Gooey']",Dragon Pokémon,2,Goodra,dragon,,150.5,6,0,,,,,,,
"['Prankster', 'Magician']",Key Ring Pokémon,0.2,Klefki,steel,fairy,3,6,0,,,,,,,
"['Natural Cure', 'Frisk', 'Harvest']",Stump Pokémon,0.4,Phantump,ghost,grass,7,6,0,,,,,,,
"['Natural Cure', 'Frisk', 'Harvest']",Elder Tree Pokémon,1.5,Trevenant,ghost,grass,71,6,0,,,,,,,
"['Pickup', 'Frisk', 'Insomnia']",Pumpkin Pokémon,0.8,Pumpkaboo,ghost,grass,15,6,0,,,,,,,
"['Pickup', 'Frisk', 'Insomnia']",Pumpkin Pokémon,1.7,Gourgeist,ghost,grass,39,6,0,,,,,,,
"['Own Tempo', 'Ice Body', 'Sturdy']",Ice Chunk Pokémon,1,Bergmite,ice,,99.5,6,0,,,,,,,
"['Own Tempo', 'Ice Body', 'Sturdy']",Iceberg Pokémon,2,Avalugg,ice,,505,6,0,,,,,,,
"['Frisk', 'Infiltrator', 'Telepathy']",Sound Wave Pokémon,0.5,Noibat,flying,dragon,8,6,0,,,,,,,
"['Frisk', 'Infiltrator', 'Telepathy']",Sound Wave Pokémon,1.5,Noivern,flying,dragon,85,6,0,,,,,,,
['Fairy Aura'],Life Pokémon,3,Xerneas,fairy,,215,6,1,,,,,,,
['Dark Aura'],Destruction Pokémon,5.8,Yveltal,dark,flying,203,6,1,,,,,,,
"['Aura Break', 'Power Construct']",Order Pokémon,5,Zygarde,dragon,ground,284.6,6,1,,,,,,,
['Clear Body'],Jewel Pokémon,0.7,Diancie,rock,fairy,8.8,6,1,,,,,,,
['Magician'],Mischief Pokémon (Confined)Djinn Pokémonn (Unbound),,Hoopa,psychic,ghost,,6,1,,,,,,,
['Water Absorb'],Steam Pokémon,1.7,Volcanion,fire,water,195,6,1,,,,,,,
"['Overgrow', 'Long Reach']",Grass Quill Pokémon,0.3,Rowlet,grass,flying,1.5,7,0,,,,,,,
"['Overgrow', 'Long Reach']",Blade Quill Pokémon,0.7,Dartrix,grass,flying,16,7,0,,,,,,,
"['Overgrow', 'Long Reach']",Arrow Quill Pokémon,1.6,Decidueye,grass,ghost,36.6,7,0,,,,,,,
"['Blaze', 'Intimidate']",Fire Cat Pokémon,0.4,Litten,fire,,4.3,7,0,,,,,,,
"['Blaze', 'Intimidate']",Fire Cat Pokémon,0.7,Torracat,fire,,25,7,0,,,,,,,
"['Blaze', 'Intimidate']",Heel Pokémon,1.8,Incineroar,fire,dark,83,7,0,,,,,,,
"['Torrent', 'Liquid Voice']",Sea Lion Pokémon,0.4,Popplio,water,,7.5,7,0,,,,,,,
"['Torrent', 'Liquid Voice']",Pop Star Pokémon,0.6,Brionne,water,,17.5,7,0,,,,,,,
"['Torrent', 'Liquid Voice']",Soloist Pokémon,1.8,Primarina,water,fairy,44,7,0,,,,,,,
"['Keen Eye', 'Skill Link', 'Pickup']",Woodpecker Pokémon,0.3,Pikipek,normal,flying,1.2,7,0,,,,,,,
"['Keen Eye', 'Skill Link', 'Pickup']",Bugle Beak Pokémon,0.6,Trumbeak,normal,flying,14.8,7,0,,,,,,,
"['Keen Eye', 'Skill Link', 'Sheer Force']",Cannon Pokémon,1.1,Toucannon,normal,flying,26,7,0,,,,,,,
"['Stakeout', 'Strong Jaw', 'Adaptability']",Loitering Pokémon,0.4,Yungoos,normal,,6,7,0,,,,,,,
"['Stakeout', 'Strong Jaw', 'Adaptability']",Stakeout Pokémon,0.7,Gumshoos,normal,,14.2,7,0,,,,,,,
['Swarm'],Larva Pokémon,0.4,Grubbin,bug,,4.4,7,0,,,,,,,
['Battery'],Battery Pokémon,0.5,Charjabug,bug,electric,10.5,7,0,,,,,,,
['Levitate'],Stag Beetle Pokémon,1.5,Vikavolt,bug,electric,45,7,0,,,,,,,
"['Hyper Cutter', 'Iron Fist', 'Anger Point']",Boxing Pokémon,0.6,Crabrawler,fighting,,7,7,0,,,,,,,
"['Hyper Cutter', 'Iron Fist', 'Anger Point']",Woolly Crab Pokémon,1.7,Crabominable,fighting,ice,180,7,0,,,,,,,
['Dancer'],Dancing Pokémon,0.6,Oricorio,fire,flying,3.4,7,0,,,,,,,
"['Honey Gather', 'Shield Dust', 'Sweet Veil']",Bee Fly Pokémon,0.1,Cutiefly,bug,fairy,0.2,7,0,,,,,,,
"['Honey Gather', 'Shield Dust', 'Sweet Veil']",Bee Fly Pokémon,0.2,Ribombee,bug,fairy,0.5,7,0,,,,,,,
"['Keen Eye', 'Vital Spirit', 'Steadfast']",Puppy Pokémon,0.5,Rockruff,rock,,9.2,7,0,,,,,,,
"['Keen Eye', 'Sand Rush', 'Steadfast', 'Keen Eye', 'Vital Spirit', 'No Guard']",Wolf Pokémon,,Lycanroc,rock,,,7,0,,,,,,,
['Schooling'],Small Fry Pokémon,0.2,Wishiwashi,water,,0.3,7,0,,,,,,,
"['Merciless', 'Limber', 'Regenerator']",Brutal Star Pokémon,0.4,Mareanie,poison,water,8,7,0,,,,,,,
"['Merciless', 'Limber', 'Regenerator']",Brutal Star Pokémon,0.7,Toxapex,poison,water,14.5,7,0,,,,,,,
"['Own Tempo', 'Stamina', 'Inner Focus']",Donkey Pokémon,1,Mudbray,ground,,110,7,0,,,,,,,
"['Own Tempo', 'Stamina', 'Inner Focus']",Draft Horse Pokémon,2.5,Mudsdale,ground,,920,7,0,,,,,,,
"['Water Bubble', 'Water Absorb']",Water Bubble Pokémon,0.3,Dewpider,water,bug,4,7,0,,,,,,,
"['Water Bubble', 'Water Absorb']",Water Bubble Pokémon,1.8,Araquanid,water,bug,82,7,0,,,,,,,
"['Leaf Guard', 'Contrary']",Sickle Grass Pokémon,0.3,Fomantis,grass,,1.5,7,0,,,,,,,
"['Leaf Guard', 'Contrary']",Bloom Sickle Pokémon,0.9,Lurantis,grass,,18.5,7,0,,,,,,,
"['Illuminate', 'Effect Spore', 'Rain Dish']",Illuminating Pokémon,0.2,Morelull,grass,fairy,1.5,7,0,,,,,,,
"['Illuminate', 'Effect Spore', 'Rain Dish']",Illuminating Pokémon,1,Shiinotic,grass,fairy,11.5,7,0,,,,,,,
"['Corrosion', 'Oblivious']",Toxic Lizard Pokémon,0.6,Salandit,poison,fire,4.8,7,0,,,,,,,
"['Corrosion', 'Oblivious']",Toxic Lizard Pokémon,1.2,Salazzle,poison,fire,22.2,7,0,,,,,,,
"['Fluffy', 'Klutz', 'Cute Charm']",Flailing Pokémon,0.5,Stufful,normal,fighting,6.8,7,0,,,,,,,
"['Fluffy', 'Klutz', 'Unnerve']",Strong Arm Pokémon,2.1,Bewear,normal,fighting,135,7,0,,,,,,,
"['Leaf Guard', 'Oblivious', 'Sweet Veil']",Fruit Pokémon,0.3,Bounsweet,grass,,3.2,7,0,,,,,,,
"['Leaf Guard', 'Oblivious', 'Sweet Veil']",Fruit Pokémon,0.7,Steenee,grass,,8.2,7,0,,,,,,,
"['Leaf Guard', 'Queenly Majesty', 'Sweet Veil']",Fruit Pokémon,1.2,Tsareena,grass,,21.4,7,0,,,,,,,
"['Flower Veil', 'Triage', 'Natural Cure']",Posy Picker Pokémon,0.1,Comfey,fairy,,0.3,7,0,,,,,,,
"['Inner Focus', 'Telepathy', 'Symbiosis']",Sage Pokémon,1.5,Oranguru,normal,psychic,76,7,0,,,,,,,
"['Receiver', 'Defiant']",Teamwork Pokémon,2,Passimian,fighting,,82.8,7,0,,,,,,,
['Wimp Out'],Turn Tail Pokémon,0.5,Wimpod,bug,water,12,7,0,,,,,,,
['Emergency Exit'],Hard Scale Pokémon,2,Golisopod,bug,water,108,7,0,,,,,,,
"['Water Compaction', 'Sand Veil']",Sand Heap Pokémon,0.5,Sandygast,ghost,ground,70,7,0,,,,,,,
"['Water Compaction', 'Sand Veil']",Sand Castle Pokémon,1.3,Palossand,ghost,ground,250,7,0,,,,,,,
"['Innards Out', 'Unaware']",Sea Cucumber Pokémon,0.3,Pyukumuku,water,,1.2,7,0,,,,,,,
['Battle Armor'],Synthetic Pokémon,1.9,Type: Null,normal,,120.5,7,0,,,,,,,
['RKS System'],Synthetic Pokémon,2.3,Silvally,normal,,100.5,7,0,,,,,,,
['Shields Down'],Meteor Pokémon,0.3,Minior,rock,flying,40,7,0,,,,,,,
['Comatose'],Drowsing Pokémon,0.4,Komala,normal,,19.9,7,0,,,,,,,
['Shell Armor'],Blast Turtle Pokémon,2,Turtonator,fire,dragon,212,7,0,,,,,,,
"['Iron Barbs', 'Lightningrod', 'Sturdy']",Roly-Poly Pokémon,0.3,Togedemaru,electric,steel,3.3,7,0,,,,,,,
['Disguise'],Disguise Pokémon,0.2,Mimikyu,ghost,fairy,0.7,7,0,,,,,,,
"['Dazzling', 'Strong Jaw', 'Wonder Skin ']",Gnash Teeth Pokémon,0.9,Bruxish,water,psychic,19,7,0,,,,,,,
"['Berserk', 'Sap Sipper', 'Cloud Nine']",Placid Pokémon,3,Drampa,normal,dragon,185,7,0,,,,,,,
['Steelworker'],Sea Creeper Pokémon,3.9,Dhelmise,ghost,grass,210,7,0,,,,,,,
"['Bulletproof', 'Soundproof', 'Overcoat']",Scaly Pokémon,0.6,Jangmo-o,dragon,,29.7,7,0,,,,,,,
"['Bulletproof', 'Soundproof', 'Overcoat']",Scaly Pokémon,1.2,Hakamo-o,dragon,fighting,47,7,0,,,,,,,
"['Bulletproof', 'Soundproof', 'Overcoat']",Scaly Pokémon,1.6,Kommo-o,dragon,fighting,78.2,7,0,,,,,,,
"['Electric Surge', 'Telepathy']",Land Spirit Pokémon,1.8,Tapu Koko,electric,fairy,20.5,7,1,,,,,,,
"['Psychic Surge', 'Telepathy']",Land Spirit Pokémon,1.2,Tapu Lele,psychic,fairy,18.6,7,1,,,,,,,
"['Grassy Surge', 'Telepathy']",Land Spirit Pokémon,1.9,Tapu Bulu,grass,fairy,45.5,7,1,,,,,,,
"['Misty Surge', 'Telepathy']",Land Spirit Pokémon,1.3,Tapu Fini,water,fairy,21.2,7,1,,,,,,,
['Unaware'],Nebula Pokémon,0.2,Cosmog,psychic,,0.1,7,1,,,,,,,
['Sturdy'],Protostar Pokémon,0.1,Cosmoem,psychic,,999.9,7,1,,,,,,,
['Full Metal Body'],Sunne Pokémon,3.4,Solgaleo,psychic,steel,230,7,1,,,,,,,
['Shadow Shield'],Moone Pokémon,4,Lunala,psychic,ghost,120,7,1,,,,,,,
['Beast Boost'],Parasite Pokémon,1.2,Nihilego,rock,poison,55.5,7,1,,,,,,,
['Beast Boost'],Swollen Pokémon,2.4,Buzzwole,bug,fighting,333.6,7,1,,,,,,,
['Beast Boost'],Lissome Pokémon,1.8,Pheromosa,bug,fighting,25,7,1,,,,,,,
['Beast Boost'],Glowing Pokémon,3.8,Xurkitree,electric,,100,7,1,,,,,,,
['Beast Boost'],Launch Pokémon,9.2,Celesteela,steel,flying,999.9,7,1,,,,,,,
['Beast Boost'],Drawn Sword Pokémon,0.3,Kartana,grass,steel,0.1,7,1,,,,,,,
['Beast Boost'],Junkivore Pokémon,5.5,Guzzlord,dark,dragon,888,7,1,,,,,,,
['Prism Armor'],Prism Pokémon,2.4,Necrozma,psychic,,230,7,1,,,,,,,
['Soul-Heart'],Artificial Pokémon,1,Magearna,steel,fairy,80.5,7,1,,,,,,,
